id,bom_number,part_number,revision_number,quantity,uom,valid_from,valid_to,plate_id,plate_txt,serial_number,change_number,change_number_to,item,item_id,sku_code
1,211760,15161069,0,1,EA,2010-12-01,9999-12-31,44,Chain Case,,SCH01011210,,1,1,00DH15ZZ
2,211760,22150451,0,2,EA,2010-12-01,9999-12-31,27,Rider Foot Rest,,SCH01011210,,2,2,00DH15ZZ
3,211760,30101061,0,1,EA,2010-12-01,9999-12-31,8,Transmission,,SCH01011210,,3,3,00DH15ZZ
4,211760,30101142,0,1,EA,2010-12-01,9999-12-31,13,Cover RH,,SCH01011210,,4,4,00DH15ZZ
5,211760,30101236,0,1,EA,2010-01-22,9999-12-31,,,,SCH01220110,,5,5,00DH15ZZ
6,211760,30141015,0,1,EA,2010-01-22,9999-12-31,,,,SCH01220110,,6,6,00DH15ZZ
7,211760,30141031,0,1,EA,2010-01-22,9999-12-31,,,,SCH01220110,,7,7,00DH15ZZ
8,211760,30141032,0,4,EA,2010-12-01,9999-12-31,40,Cap Tank & Gauge Fuel,,SCH01011210,,8,8,00DH15ZZ
9,211760,30141052,0,1,EA,2010-12-01,9999-12-31,40,Cap Tank & Gauge Fuel,,SCH01011210,,9,9,00DH15ZZ
10,211760,30141070,0,2,EA,2010-12-01,9999-12-31,40,Cap Tank & Gauge Fuel,,SCH01011210,,10,10,00DH15ZZ
11,211760,30151005,0,1,EA,2010-01-22,9999-12-31,,,,SCH01220110,,11,11,00DH15ZZ
12,211760,30151012,0,1,EA,2010-12-01,9999-12-31,35,Rear Hub,,SCH01011210,,12,12,00DH15ZZ
13,211760,30151033,0,1,EA,2010-12-01,9999-12-31,32,Front Hub,,SCH01011210,,13,13,00DH15ZZ
14,211760,30151069,0,2,EA,2010-12-01,9999-12-31,35,Rear Hub,,SCH01011210,,14,14,00DH15ZZ
15,211760,30151075,0,1,EA,2010-12-01,9999-12-31,35,Rear Hub,,SCH01011210,,15,15,00DH15ZZ
16,211760,30151082,0,1,EA,2010-12-01,9999-12-31,35,Rear Hub,,SCH01011210,,16,16,00DH15ZZ
17,211760,30151095,0,1,EA,2010-12-01,9999-12-31,36,Rear Brake Pedal,,SCH01011210,,17,17,00DH15ZZ
18,211760,30151096,0,1,EA,2010-01-22,9999-12-31,,,,SCH01220110,,18,18,00DH15ZZ
19,211760,30161157,0,1,EA,2010-12-01,9999-12-31,30,Stand Assembly,,SCH01011210,,19,19,00DH15ZZ
20,211760,30181011,0,1,EA,2010-12-01,9999-12-31,25,Frame & Frame Fittings,,SCH01011210,,20,20,00DH15ZZ
21,211760,30181026,0,2,EA,2010-12-01,9999-12-31,38,Front Fork,,SCH01011210,,21,21,00DH15ZZ
22,211760,30181029,0,2,EA,2010-12-01,9999-12-31,38,Front Fork,,SCH01011210,,22,22,00DH15ZZ
23,211760,30191035,0,1,EA,2010-01-22,9999-12-31,,,,SCH01220110,,23,23,00DH15ZZ
24,211760,30191036,0,1,EA,2010-01-22,9999-12-31,,,,SCH01220110,,24,24,00DH15ZZ
25,211760,30191038,0,1,EA,2010-01-22,9999-12-31,,,,SCH01220110,,25,25,00DH15ZZ
26,211760,30191048,0,1,EA,2010-01-22,9999-12-31,,,,SCH01220110,,26,26,00DH15ZZ
27,211760,30201064,0,1,EA,2010-01-22,9999-12-31,,,,SCH01220110,,27,27,00DH15ZZ
28,211760,30211005,0,1,EA,2010-01-22,9999-12-31,,,,SCH01220110,,28,28,00DH15ZZ
29,211760,31101108,0,1,EA,2010-01-22,9999-12-31,,,,SCH01220110,,29,29,00DH15ZZ
30,211760,31101173,0,1,EA,2010-12-01,9999-12-31,6,Crankshaft,,SCH01011210,,30,30,00DH15ZZ
31,211760,31121006,0,4,EA,2010-12-01,9999-12-31,5,Cylinder & Piston,,SCH01011210,,31,31,00DH15ZZ
32,211760,31161018,0,2,EA,2010-12-01,9999-12-31,41,"Fittings Petrol Tank, Side Cvoer & Cover",,SCH01011210,,32,32,00DH15ZZ
33,211760,31201079,0,1,EA,2010-12-01,9999-12-31,48,Electrical Equipments,,SCH01011210,,33,33,00DH15ZZ
34,211760,31201081,0,1,EA,2010-01-22,9999-12-31,,,,SCH01220110,,34,34,00DH15ZZ
35,211760,35171033,0,2,EA,2010-12-01,9999-12-31,26,Swing arm & Rear Shock Absorber,,SCH01011210,,35,35,00DH15ZZ
36,211760,39008004,0,1,EA,2010-01-22,9999-12-31,,,,SCH01220110,,36,36,00DH15ZZ
37,211760,39019811,0,1,EA,2010-01-22,9999-12-31,,,,SCH01220110,,37,37,00DH15ZZ
38,211760,39021111,0,2,EA,2010-12-01,9999-12-31,29,Mudguard - Front & Rear,,SCH01011210,,38,38,00DH15ZZ
39,211760,39024811,0,1,EA,2010-01-22,9999-12-31,,,,SCH01220110,,39,39,00DH15ZZ
40,211760,39029615,0,1,EA,2010-01-22,9999-12-31,,,,SCH01220110,,40,40,00DH15ZZ
41,211760,39042215,0,1,EA,2010-12-01,9999-12-31,30,Stand Assembly,,SCH01011210,,41,41,00DH15ZZ
42,211760,39045411,0,2,EA,2010-12-01,9999-12-31,26,Swing arm & Rear Shock Absorber,,SCH01011210,,42,42,00DH15ZZ
43,211760,39055302,0,2,EA,2010-12-01,9999-12-31,26,Swing arm & Rear Shock Absorber,,SCH01011210,,43,43,00DH15ZZ
44,211760,39069415,0,1,EA,2010-01-22,9999-12-31,,,,SCH01220110,,44,44,00DH15ZZ
45,211760,39070501,0,1,EA,2010-01-22,9999-12-31,,,,SCH01220110,,45,45,00DH15ZZ
46,211760,39070815,0,1,EA,2010-01-22,9999-12-31,,,,SCH01220110,,46,46,00DH15ZZ
47,211760,39071215,0,1,EA,2010-01-22,9999-12-31,,,,SCH01220110,,47,47,00DH15ZZ
48,211760,39072211,0,1,EA,2010-12-01,9999-12-31,35,Rear Hub,,SCH01011210,,48,48,00DH15ZZ
49,211760,39073817,0,2,EA,2010-12-01,9999-12-31,16,Kick Starter Mechanism,,SCH01011210,,49,49,00DH15ZZ
50,211760,39074011,0,2,EA,2010-12-01,9999-12-31,26,Swing arm & Rear Shock Absorber,,SCH01011210,,50,50,00DH15ZZ
51,211760,39075201,0,3,EA,2010-12-01,9999-12-31,12,Crankcase LH,,SCH01011210,,51,51,00DH15ZZ
52,211760,39078111,0,1,EA,2010-12-01,9999-12-31,32,Front Hub,,SCH01011210,,52,52,00DH15ZZ
53,211760,39079415,0,6,EA,2010-12-01,9999-12-31,35,Rear Hub,,SCH01011210,,53,53,00DH15ZZ
54,211760,39080708,0,1,EA,2010-01-22,9999-12-31,,,,SCH01220110,,54,54,00DH15ZZ
55,211760,39081715,0,1,EA,2010-01-22,9999-12-31,,,,SCH01220110,,55,55,00DH15ZZ
56,211760,39084001,0,1,EA,2010-12-01,9999-12-31,32,Front Hub,,SCH01011210,,56,56,00DH15ZZ
57,211760,39084914,0,1,EA,2010-01-22,9999-12-31,,,,SCH01220110,,57,57,00DH15ZZ
58,211760,39089704,0,1,EA,2010-01-22,9999-12-31,,,,SCH01220110,,58,58,00DH15ZZ
59,211760,39090012,0,1,EA,2010-12-01,9999-12-31,32,Front Hub,,SCH01011210,,59,59,00DH15ZZ
60,211760,39096315,0,1,EA,2010-01-22,9999-12-31,,,,SCH01220110,,60,60,00DH15ZZ
61,211760,39097315,0,1,EA,2010-01-22,9999-12-31,,,,SCH01220110,,61,61,00DH15ZZ
62,211760,39099906,0,2,EA,2010-12-01,9999-12-31,13,Cover RH,,SCH01011210,,62,62,00DH15ZZ
63,211760,39101321,0,1,EA,2010-01-22,9999-12-31,,,,SCH01220110,,63,63,00DH15ZZ
64,211760,39104119,0,1,EA,2010-12-01,9999-12-31,13,Cover RH,,SCH01011210,,64,64,00DH15ZZ
65,211760,39106901,0,2,EA,2010-12-01,9999-12-31,28,Pillion Foot Rest & Holder,,SCH01011210,,65,65,00DH15ZZ
66,211760,39107404,0,2,EA,2010-12-01,9999-12-31,47,Tail Lamp Assembly & Front & Rear Number,,SCH01011210,,66,66,00DH15ZZ
67,211760,39107504,0,4,EA,2010-12-01,9999-12-31,1,Cover Cylinder Head,,SCH01011210,,67,67,00DH15ZZ
68,211760,39118011,0,2,EA,2010-12-01,9999-12-31,37,Handle Bar (Split Type),,SCH01011210,,68,68,00DH15ZZ
69,211760,39118415,0,1,EA,2010-12-01,9999-12-31,37,Handle Bar (Single Tube Type),,SCH01011210,,69,69,00DH15ZZ
70,211760,39130911,0,1,EA,2010-01-22,9999-12-31,,,,SCH01220110,,71,71,00DH15ZZ
71,211760,39155304,0,1,EA,2010-01-22,9999-12-31,,,,SCH01220110,,72,72,00DH15ZZ
72,211760,39155604,0,1,EA,2010-12-01,9999-12-31,41,"Fittings Petrol Tank, Side Cvoer & Cover",,SCH01011210,,73,73,00DH15ZZ
73,211760,39160804,0,1,EA,2010-01-22,9999-12-31,,,,SCH01220110,,74,74,00DH15ZZ
74,211760,39162011,0,2,EA,2010-12-01,9999-12-31,7,Balancer & Balancer Idler Gear,,SCH01011210,,75,75,00DH15ZZ
75,211760,39166005,0,2,EA,2010-12-01,9999-12-31,2,Cylinder Head,,SCH01011210,,76,76,00DH15ZZ
76,211760,39167304,0,1,EA,2010-01-22,9999-12-31,,,,SCH01220110,,77,77,00DH15ZZ
77,211760,39167404,0,2,EA,2010-12-01,9999-12-31,2,Cylinder Head,,SCH01011210,,78,78,00DH15ZZ
78,211760,39167704,0,8,EA,2010-12-01,9999-12-31,12,Crankcase LH,,SCH01011210,,79,79,00DH15ZZ
79,211760,39168004,0,2,EA,2010-12-01,9999-12-31,25,Frame & Frame Fittings,,SCH01011210,,80,80,00DH15ZZ
80,211760,39168104,0,1,EA,2010-01-22,9999-12-31,,,,SCH01220110,,81,81,00DH15ZZ
81,211760,39171519,0,1,EA,2010-12-01,9999-12-31,12,Crankcase LH,,SCH01011210,,82,82,00DH15ZZ
82,211760,39177304,0,1,EA,2010-01-22,9999-12-31,,,,SCH01220110,,83,83,00DH15ZZ
83,211760,39177802,0,4,EA,2010-12-01,9999-12-31,42,Meter Assembly,,SCH01011210,,84,84,00DH15ZZ
84,211760,39178301,0,2,EA,2010-12-01,9999-12-31,47,Tail Lamp Assembly & Front & Rear Number,,SCH01011210,,85,85,00DH15ZZ
85,211760,39178924,0,1,EA,2010-01-22,9999-12-31,,,,SCH01220110,,86,86,00DH15ZZ
86,211760,39184504,0,1,EA,2010-12-01,9999-12-31,12,Crankcase LH,,SCH01011210,,87,87,00DH15ZZ
87,211760,39190701,0,2,EA,2010-12-01,9999-12-31,45,Head Lamp Fairing,,SCH01011210,,88,88,00DH15ZZ
88,211760,39194304,0,2,EA,2010-12-01,9999-12-31,37,Handle Bar (Single Tube Type),,SCH01011210,,89,89,00DH15ZZ
89,211760,39194404,0,4,EA,2010-12-01,9999-12-31,22,"Magneto, CDI & H.T. Coil",,SCH01011210,,90,90,00DH15ZZ
90,211760,39195504,0,1,EA,2010-01-22,9999-12-31,,,,SCH01220110,,91,91,00DH15ZZ
91,211760,39195604,0,1,EA,2010-12-01,9999-12-31,48,Electrical Equipments,,SCH01011210,,92,92,00DH15ZZ
92,211760,39197015,0,2,EA,2010-12-01,9999-12-31,19,Silencer Assembly,,SCH01011210,,93,93,00DH15ZZ
93,211760,39201719,0,2,EA,2010-12-01,9999-12-31,3,Valve,,SCH01011210,,94,94,00DH15ZZ
94,211760,39203804,0,6,EA,2010-12-01,9999-12-31,32,Front Hub,,SCH01011210,,95,95,00DH15ZZ
95,211760,39212415,0,1,EA,2010-01-22,9999-12-31,,,,SCH01220110,,96,96,00DH15ZZ
96,211760,39214124,0,4,EA,2010-12-01,9999-12-31,45,Head Lamp Fairing,,SCH01011210,,97,97,00DH15ZZ
97,211760,39215220,0,2,EA,2010-12-01,9999-12-31,7,Balancer & Balancer Idler Gear,,SCH01011210,,98,98,00DH15ZZ
98,211760,39215704,0,3,EA,2010-12-01,9999-12-31,24,Engine Mountings,,SCH01011210,,99,99,00DH15ZZ
99,211760,39215811,0,1,EA,2010-12-01,9999-12-31,8,Transmission,,SCH01011210,,100,100,00DH15ZZ
100,211760,39215911,0,1,EA,2010-12-01,9999-12-31,8,Transmission,,SCH01011210,,101,101,00DH15ZZ
101,211760,39216011,0,1,EA,2010-12-01,9999-12-31,8,Transmission,,SCH01011210,,102,102,00DH15ZZ
102,211760,39216511,0,1,EA,2010-12-01,9999-12-31,6,Crankshaft,,SCH01011210,,103,103,00DH15ZZ
103,211760,39218006,0,2,EA,2010-12-01,9999-12-31,11,Engine Assembly & Crankcase RH,,SCH01011210,,104,104,00DH15ZZ
104,211760,39218106,0,4,EA,2010-12-01,9999-12-31,5,Cylinder & Piston,,SCH01011210,,105,105,00DH15ZZ
105,211760,39218520,0,1,EA,2010-12-01,9999-12-31,12,Crankcase LH,,SCH01011210,,106,106,00DH15ZZ
106,211760,39218919,0,1,EA,2010-12-01,9999-12-31,12,Crankcase LH,,SCH01011210,,107,107,00DH15ZZ
107,211760,39219019,0,1,EA,2010-12-01,9999-12-31,12,Crankcase LH,,SCH01011210,,108,108,00DH15ZZ
108,211760,39219421,0,1,EA,2010-12-01,9999-12-31,21,Oil Pump,,SCH01011210,,109,109,00DH15ZZ
109,211760,39220011,0,1,EA,2010-12-01,9999-12-31,15,Clutch,,SCH01011210,,110,110,00DH15ZZ
110,211760,39220307,0,1,EA,2010-12-01,9999-12-31,6,Crankshaft,,SCH01011210,,111,111,00DH15ZZ
111,211760,39220804,0,8,EA,2010-12-01,9999-12-31,13,Cover RH,,SCH01011210,,112,112,00DH15ZZ
112,211760,39224020,0,1,EA,2010-12-01,9999-12-31,35,Rear Hub,,SCH01011210,,113,113,00DH15ZZ
113,211760,39224120,0,1,EA,2010-12-01,9999-12-31,35,Rear Hub,,SCH01011210,,114,114,00DH15ZZ
114,211760,39224220,0,1,EA,2010-01-22,9999-12-31,,,,SCH01220110,,115,115,00DH15ZZ
115,211760,39228501,0,1,EA,2010-01-22,9999-12-31,,,,SCH01220110,,116,116,00DH15ZZ
116,211760,39231004,0,2,EA,2010-12-01,9999-12-31,24,Engine Mountings,,SCH01011210,,117,117,00DH15ZZ
117,211760,39231204,0,1,EA,2010-01-22,9999-12-31,,,,SCH01220110,,118,118,00DH15ZZ
118,211760,39234411,0,1,EA,2010-12-01,9999-12-31,16,Kick Starter Mechanism,,SCH01011210,,119,119,00DH15ZZ
119,211760,39236220,0,2,EA,2010-12-01,9999-12-31,32,Front Hub,,SCH01011210,,120,120,00DH15ZZ
120,211760,39238104,0,7,EA,2010-12-01,9999-12-31,40,Cap Tank & Gauge Fuel,,SCH01011210,,121,121,00DH15ZZ
121,211760,39239121,0,1,EA,2010-01-22,9999-12-31,,,,SCH01220110,,122,122,00DH15ZZ
122,211760,39241204,0,1,EA,2010-12-01,9999-12-31,24,Engine Mountings,,SCH01011210,,123,123,00DH15ZZ
123,211760,39241304,0,1,EA,2010-01-22,9999-12-31,,,,SCH01220110,,124,124,00DH15ZZ
124,211760,39241404,0,1,EA,2010-12-01,9999-12-31,24,Engine Mountings,,SCH01011210,,125,125,00DH15ZZ
125,211760,39242704,0,2,EA,2010-12-01,9999-12-31,37,Handle Bar (Single Tube Type),,SCH01011210,,126,126,00DH15ZZ
126,211760,39244311,0,1,EA,2010-12-01,9999-12-31,13,Cover RH,,SCH01011210,,127,127,00DH15ZZ
127,211760,39245304,0,1,EA,2010-12-01,9999-12-31,10,Gear Change Mechanism,,SCH01011210,,128,128,00DH15ZZ
128,211760,39253105,0,2,EA,2010-12-01,9999-12-31,11,Engine Assembly & Crankcase RH,,SCH01011210,,129,129,00DH15ZZ
129,211760,39253204,0,2,EA,2010-12-01,9999-12-31,1,Cover Cylinder Head,,SCH01011210,,130,130,00DH15ZZ
130,211760,39254220,0,1,EA,2010-12-01,9999-12-31,4,Camshaft & Tensioner,,SCH01011210,,131,131,00DH15ZZ
131,211760,39255717,0,2,EA,2010-12-01,9999-12-31,7,Balancer & Balancer Idler Gear,,SCH01011210,,132,132,00DH15ZZ
132,211760,39256120,0,1,EA,2010-12-01,9999-12-31,6,Crankshaft,,SCH01011210,,133,133,00DH15ZZ
133,211760,39256611,0,1,EA,2010-12-01,9999-12-31,35,Rear Hub,,SCH01011210,,134,134,00DH15ZZ
134,211760,39258204,0,1,EA,2010-01-22,9999-12-31,,,,SCH01220110,,135,135,00DH15ZZ
135,211760,39258320,0,1,EA,2010-12-01,9999-12-31,11,Engine Assembly & Crankcase RH,,SCH01011210,,136,136,00DH15ZZ
136,211760,39260120,0,1,EA,2010-12-01,9999-12-31,11,Engine Assembly & Crankcase RH,,SCH01011210,,137,137,00DH15ZZ
137,211760,39260220,0,1,EA,2010-12-01,9999-12-31,11,Engine Assembly & Crankcase RH,,SCH01011210,,138,138,00DH15ZZ
138,211760,39260320,0,1,EA,2010-12-01,9999-12-31,12,Crankcase LH,,SCH01011210,,139,139,00DH15ZZ
139,211760,39260801,0,1,EA,2010-12-01,9999-12-31,2,Cylinder Head,,SCH01011210,,140,140,00DH15ZZ
140,211760,39264715,0,4,EA,2010-12-01,9999-12-31,1,Cover Cylinder Head,,SCH01011210,,141,141,00DH15ZZ
141,211760,39265912,0,1,EA,2010-01-22,9999-12-31,,,,SCH01220110,,142,142,00DH15ZZ
142,211760,39266921,0,1,EA,2010-01-22,9999-12-31,,,,SCH01220110,,143,143,00DH15ZZ
143,211760,39272612,0,1,EA,2010-01-22,9999-12-31,,,,SCH01220110,,144,144,00DH15ZZ
144,211760,59020001,0,6,EA,2010-12-01,9999-12-31,39,Painted Parts & Decals,,SCH01011210,,145,145,00DH15ZZ
145,211760,59110002,0,4,EA,2010-12-01,9999-12-31,3,Valve,,SCH01011210,,146,146,00DH15ZZ
146,211760,59150003,0,1,EA,2010-12-01,9999-12-31,32,Front Hub,,SCH01011210,,147,147,00DH15ZZ
147,211760,59200007,0,1,EA,2010-12-01,9999-12-31,23,Starter Assembly (For Self Start),,SCH01011210,,148,148,00DH15ZZ
148,211760,59210019,0,1,EA,2010-12-01,9999-12-31,43,Control Cables,,SCH01011210,,149,149,00DH15ZZ
149,211760,AB201017,0,1,EA,2010-01-22,9999-12-31,,,,SCH01220110,,150,150,00DH15ZZ
150,211760,AL201012,0,1,EA,2010-12-01,9999-12-31,48,Electrical Equipments,,SCH01011210,,151,151,00DH15ZZ
151,211760,BA122003,0,1,EA,2010-12-01,9999-12-31,40,Cap Tank & Gauge Fuel,,SCH01011210,,152,152,00DH15ZZ
152,211760,CS101128,0,1,EA,2010-12-01,9999-12-31,4,Camshaft & Tensioner,,SCH01011210,,153,153,00DH15ZZ
153,211760,DD101062,0,1,EA,2010-12-01,9999-12-31,4,Camshaft & Tensioner,,SCH01011210,,154,154,00DH15ZZ
154,211760,DD101097,0,1,EA,2010-12-01,9999-12-31,16,Kick Starter Mechanism,,SCH01011210,,155,155,00DH15ZZ
155,211760,DD111012,0,2,EA,2010-12-01,9999-12-31,22,"Magneto, CDI & H.T. Coil",,SCH01011210,,156,156,00DH15ZZ
156,211760,DD121007,0,2,EA,2010-12-01,9999-12-31,5,Cylinder & Piston,,SCH01011210,,157,157,00DH15ZZ
157,211760,DD141022,0,1,EA,2010-01-22,9999-12-31,,,,SCH01220110,,158,158,00DH15ZZ
158,211760,DD141227,0,2,EA,2010-12-01,9999-12-31,40,Cap Tank & Gauge Fuel,,SCH01011210,,159,159,00DH15ZZ
159,211760,DD161071,0,1,EA,2010-12-01,9999-12-31,28,Pillion Foot Rest & Holder,,SCH01011210,,160,160,00DH15ZZ
160,211760,DD191015,0,1,EA,2010-12-01,9999-12-31,25,Frame & Frame Fittings,,SCH01011210,,161,161,00DH15ZZ
161,211760,DE151006,0,1,EA,2010-12-01,9999-12-31,32,Front Hub,,SCH01011210,,162,162,00DH15ZZ
162,211760,DE151008,0,1,EA,2010-12-01,9999-12-31,32,Front Hub,,SCH01011210,,163,163,00DH15ZZ
163,211760,DE151012,0,1,EA,2010-12-01,9999-12-31,32,Front Hub,,SCH01011210,,164,164,00DH15ZZ
164,211760,DE151033,0,1,EA,2010-01-22,9999-12-31,,,,SCH01220110,,165,165,00DH15ZZ
165,211760,DE151043,0,1,EA,2010-12-01,9999-12-31,34,Front Disc Brake,,SCH01011210,,166,166,00DH15ZZ
166,211760,DE151045,0,1,EA,2010-01-22,9999-12-31,,,,SCH01220110,,167,167,00DH15ZZ
167,211760,DE151046,0,1,EA,2010-12-01,9999-12-31,34,Front Disc Brake,,SCH01011210,,168,168,00DH15ZZ
168,211760,DE151047,0,1,EA,2010-12-01,9999-12-31,34,Front Disc Brake,,SCH01011210,,169,169,00DH15ZZ
169,211760,DE151048,0,1,EA,2010-01-22,9999-12-31,,,,SCH01220110,,170,170,00DH15ZZ
170,211760,DE191010,0,4,EA,2010-12-01,9999-12-31,33,Front Master Cylinder,,SCH01011210,,171,171,00DH15ZZ
171,211760,DE191011,0,2,EA,2010-12-01,9999-12-31,33,Front Master Cylinder,,SCH01011210,,172,172,00DH15ZZ
172,211760,DE191020,0,1,EA,2010-01-22,9999-12-31,,,,SCH01220110,,173,173,00DH15ZZ
173,211760,DE191021,0,1,EA,2010-01-22,9999-12-31,,,,SCH01220110,,174,174,00DH15ZZ
174,211760,DE191023,0,1,EA,2010-01-22,9999-12-31,,,,SCH01220110,,175,175,00DH15ZZ
175,211760,DE191024,0,1,EA,2010-01-22,9999-12-31,,,,SCH01220110,,176,176,00DH15ZZ
176,211760,DE191025,0,1,EA,2010-01-22,9999-12-31,,,,SCH01220110,,177,177,00DH15ZZ
177,211760,DE191026,0,1,EA,2010-01-22,9999-12-31,,,,SCH01220110,,178,178,00DH15ZZ
178,211760,DE191027,0,1,EA,2010-01-22,9999-12-31,,,,SCH01220110,,179,179,00DH15ZZ
179,211760,DE191028,0,1,EA,2010-01-22,9999-12-31,,,,SCH01220110,,180,180,00DH15ZZ
180,211760,DE191029,0,1,EA,2010-01-22,9999-12-31,,,,SCH01220110,,181,181,00DH15ZZ
181,211760,DE191033,0,1,EA,2010-01-22,9999-12-31,,,,SCH01220110,,182,182,00DH15ZZ
182,211760,DE191036,0,1,EA,2010-01-22,9999-12-31,,,,SCH01220110,,183,183,00DH15ZZ
183,211760,DE191037,0,1,EA,2010-01-22,9999-12-31,,,,SCH01220110,,184,184,00DH15ZZ
184,211760,DF101055,0,1,EA,2010-01-22,9999-12-31,,,,SCH01220110,,185,185,00DH15ZZ
185,211760,DF161102,0,1,EA,2010-12-01,9999-12-31,30,Stand Assembly,,SCH01011210,,186,186,00DH15ZZ
186,211760,DF181098,0,4,EA,2010-12-01,9999-12-31,45,Head Lamp Fairing,,SCH01011210,,187,187,00DH15ZZ
187,211760,DG101029,0,4,EA,2010-12-01,9999-12-31,3,Valve,,SCH01011210,,188,188,00DH15ZZ
188,211760,DG101418,0,1,EA,2010-12-01,9999-12-31,13,Cover RH,,SCH01011210,,189,189,00DH15ZZ
189,211760,DG111008,0,2,EA,2010-12-01,9999-12-31,22,"Magneto, CDI & H.T. Coil",,SCH01011210,,190,190,00DH15ZZ
190,211760,DG121002,0,1,EA,2010-01-22,9999-12-31,,,,SCH01220110,,191,191,00DH15ZZ
191,211760,DG141028,0,1,EA,2010-12-01,9999-12-31,40,Cap Tank & Gauge Fuel,,SCH01011210,,192,192,00DH15ZZ
192,211760,DG171038,0,2,EA,2010-12-01,9999-12-31,26,Swing arm & Rear Shock Absorber,,SCH01011210,,193,193,00DH15ZZ
193,211760,DG181008,0,4,EA,2010-12-01,9999-12-31,29,Mudguard - Front & Rear,,SCH01011210,,194,194,00DH15ZZ
194,211760,DH010050,0,1,EA,2010-01-22,9999-12-31,,,,SCH01220110,,195,195,00DH15ZZ
195,211760,DH101006,0,1,EA,2010-12-01,9999-12-31,11,Engine Assembly & Crankcase RH,,SCH01011210,,196,196,00DH15ZZ
196,211760,DH101016,0,1,EA,2010-12-01,9999-12-31,5,Cylinder & Piston,,SCH01011210,,197,197,00DH15ZZ
197,211760,DH101018,0,1,EA,2010-12-01,9999-12-31,13,Cover RH,,SCH01011210,,198,198,00DH15ZZ
198,211760,DH101048,0,1,EA,2010-12-01,9999-12-31,4,Camshaft & Tensioner,,SCH01011210,,199,199,00DH15ZZ
199,211760,DH101064,0,1,EA,2010-12-01,9999-12-31,6,Crankshaft,,SCH01011210,,200,200,00DH15ZZ
200,211760,DH101065,0,1,EA,2010-12-01,9999-12-31,6,Crankshaft,,SCH01011210,,201,201,00DH15ZZ
201,211760,DH101066,0,1,EA,2010-01-22,9999-12-31,,,,SCH01220110,,202,202,00DH15ZZ
202,211760,DH101072,0,1,EA,2010-12-01,9999-12-31,7,Balancer & Balancer Idler Gear,,SCH01011210,,203,203,00DH15ZZ
203,211760,DH101078,0,1,EA,2010-12-01,9999-12-31,8,Transmission,,SCH01011210,,204,204,00DH15ZZ
204,211760,DH101079,0,3,EA,2010-12-01,9999-12-31,8,Transmission,,SCH01011210,,205,205,00DH15ZZ
205,211760,DH101080,0,1,EA,2010-12-01,9999-12-31,8,Transmission,,SCH01011210,,206,206,00DH15ZZ
206,211760,DH101082,0,1,EA,2010-12-01,9999-12-31,8,Transmission,,SCH01011210,,207,207,00DH15ZZ
207,211760,DH101084,0,1,EA,2010-12-01,9999-12-31,8,Transmission,,SCH01011210,,208,208,00DH15ZZ
208,211760,DH101108,0,1,EA,2010-12-01,9999-12-31,8,Transmission,,SCH01011210,,209,209,00DH15ZZ
209,211760,DH101110,0,1,EA,2010-12-01,9999-12-31,8,Transmission,,SCH01011210,,210,210,00DH15ZZ
210,211760,DH101111,0,1,EA,2010-12-01,9999-12-31,8,Transmission,,SCH01011210,,211,211,00DH15ZZ
211,211760,DH101117,0,1,EA,2010-12-01,9999-12-31,8,Transmission,,SCH01011210,,212,212,00DH15ZZ
212,211760,DH101121,0,1,EA,2010-12-01,9999-12-31,16,Kick Starter Mechanism,,SCH01011210,,213,213,00DH15ZZ
213,211760,DH101123,0,1,EA,2010-01-22,9999-12-31,,,,SCH01220110,,214,214,00DH15ZZ
214,211760,DH101125,0,1,EA,2010-12-01,9999-12-31,16,Kick Starter Mechanism,,SCH01011210,,215,215,00DH15ZZ
215,211760,DH101141,0,1,EA,2010-12-01,9999-12-31,13,Cover RH,,SCH01011210,,216,216,00DH15ZZ
216,211760,DH101142,0,1,EA,2010-12-01,9999-12-31,13,Cover RH,,SCH01011210,,217,217,00DH15ZZ
217,211760,DH101144,0,1,EA,2010-12-01,9999-12-31,10,Gear Change Mechanism,,SCH01011210,,218,218,00DH15ZZ
218,211760,DH101146,0,1,EA,2010-12-01,9999-12-31,9,Change Drum & Shaft Fork,,SCH01011210,,219,219,00DH15ZZ
219,211760,DH101152,0,1,EA,2010-01-22,9999-12-31,,,,SCH01220110,,220,220,00DH15ZZ
220,211760,DH101154,0,1,EA,2010-12-01,9999-12-31,13,Cover RH,,SCH01011210,,221,221,00DH15ZZ
221,211760,DH101163,0,5,EA,2010-12-01,9999-12-31,23,Starter Assembly (For Self Start),,SCH01011210,,223,223,00DH15ZZ
222,211760,DH101164,0,1,EA,2010-01-22,9999-12-31,,,,SCH01220110,,224,224,00DH15ZZ
223,211760,DH101172,0,1,EA,2010-12-01,9999-12-31,23,Starter Assembly (For Self Start),,SCH01011210,,225,225,00DH15ZZ
224,211760,DH101195,0,1,EA,2010-12-01,9999-12-31,6,Crankshaft,,SCH01011210,,226,226,00DH15ZZ
225,211760,DH101197,0,1,EA,2010-12-01,9999-12-31,13,Cover RH,,SCH01011210,,227,227,00DH15ZZ
226,211760,DH101199,0,1,EA,2010-12-01,9999-12-31,22,"Magneto, CDI & H.T. Coil",,SCH01011210,,228,228,00DH15ZZ
227,211760,DH101203,0,1,EA,2010-12-01,9999-12-31,12,Crankcase LH,,SCH01011210,,229,229,00DH15ZZ
228,211760,DH101235,0,4,EA,2010-12-01,9999-12-31,8,Transmission,,SCH01011210,,230,230,00DH15ZZ
229,211760,DH101272,0,2,EA,2010-12-01,9999-12-31,1,Cover Cylinder Head,,SCH01011210,,231,231,00DH15ZZ
230,211760,DH101275,0,1,EA,2010-12-01,9999-12-31,15,Clutch,,SCH01011210,,232,232,00DH15ZZ
231,211760,DH101301,0,1,EA,2010-01-22,9999-12-31,,,,SCH01220110,,233,233,00DH15ZZ
232,211760,DH101319,0,1,EA,2010-12-01,9999-12-31,8,Transmission,,SCH01011210,,234,234,00DH15ZZ
233,211760,DH101321,0,1,EA,2010-12-01,9999-12-31,16,Kick Starter Mechanism,,SCH01011210,,235,235,00DH15ZZ
234,211760,DH101353,0,1,EA,2010-12-01,9999-12-31,16,Kick Starter Mechanism,,SCH01011210,,236,236,00DH15ZZ
235,211760,DH101373,0,1,EA,2010-01-22,9999-12-31,,,,SCH01220110,,237,237,00DH15ZZ
236,211760,DH101380,0,1,EA,2010-12-01,9999-12-31,22,"Magneto, CDI & H.T. Coil",,SCH01011210,,238,238,00DH15ZZ
237,211760,DH101381,0,2,EA,2010-12-01,9999-12-31,22,"Magneto, CDI & H.T. Coil",,SCH01011210,,239,239,00DH15ZZ
238,211760,DH101385,0,1,EA,2010-12-01,9999-12-31,16,Kick Starter Mechanism,,SCH01011210,,240,240,00DH15ZZ
239,211760,DH101386,0,2,EA,2010-12-01,9999-12-31,22,"Magneto, CDI & H.T. Coil",,SCH01011210,,241,241,00DH15ZZ
240,211760,DH101389,0,1,EA,2010-12-01,9999-12-31,23,Starter Assembly (For Self Start),,SCH01011210,,243,243,00DH15ZZ
241,211760,DH101390,0,1,EA,2010-01-22,9999-12-31,,,,SCH01220110,,244,244,00DH15ZZ
242,211760,DH101392,0,1,EA,2010-12-01,9999-12-31,4,Camshaft & Tensioner,,SCH01011210,,245,245,00DH15ZZ
243,211760,DH101393,0,1,EA,2010-12-01,9999-12-31,10,Gear Change Mechanism,,SCH01011210,,246,246,00DH15ZZ
244,211760,DH101394,0,1,EA,2010-12-01,9999-12-31,10,Gear Change Mechanism,,SCH01011210,,247,247,00DH15ZZ
245,211760,DH101395,0,1,EA,2010-01-22,9999-12-31,,,,SCH01220110,,248,248,00DH15ZZ
246,211760,DH101397,0,1,EA,2010-12-01,9999-12-31,10,Gear Change Mechanism,,SCH01011210,,249,249,00DH15ZZ
247,211760,DH101412,0,1,EA,2010-12-01,9999-12-31,4,Camshaft & Tensioner,,SCH01011210,,250,250,00DH15ZZ
248,211760,DH101414,0,4,EA,2010-12-01,9999-12-31,5,Cylinder & Piston,,SCH01011210,,251,251,00DH15ZZ
249,211760,DH101416,0,1,EA,2010-12-01,9999-12-31,8,Transmission,,SCH01011210,,252,252,00DH15ZZ
250,211760,DH101420,0,1,EA,2010-01-22,9999-12-31,,,,SCH01220110,,253,253,00DH15ZZ
251,211760,DH101422,0,1,EA,2010-12-01,9999-12-31,12,Crankcase LH,,SCH01011210,,254,254,00DH15ZZ
252,211760,DH101423,0,1,EA,2010-12-01,9999-12-31,12,Crankcase LH,,SCH01011210,,255,255,00DH15ZZ
253,211760,DH101425,0,1,EA,2010-01-22,9999-12-31,,,,SCH01220110,,256,256,00DH15ZZ
254,211760,DH101432,0,1,EA,2010-12-01,9999-12-31,7,Balancer & Balancer Idler Gear,,SCH01011210,,257,257,00DH15ZZ
255,211760,DH101468,0,1,EA,2010-12-01,9999-12-31,19,Silencer Assembly,,SCH01011210,,258,258,00DH15ZZ
256,211760,DH101481,0,1,EA,2010-01-22,9999-12-31,,,,SCH01220110,,259,259,00DH15ZZ
257,211760,DH101487,0,1,EA,2010-12-01,9999-12-31,11,Engine Assembly & Crankcase RH,,SCH01011210,,261,261,00DH15ZZ
258,211760,DH101493,0,1,EA,2010-12-01,9999-12-31,9,Change Drum & Shaft Fork,,SCH01011210,,262,262,00DH15ZZ
259,211760,DH101496,0,1,EA,2010-12-01,9999-12-31,9,Change Drum & Shaft Fork,,SCH01011210,,263,263,00DH15ZZ
260,211760,DH101502,0,1,EA,2010-12-01,9999-12-31,10,Gear Change Mechanism,,SCH01011210,,264,264,00DH15ZZ
261,211760,DH101508,0,5,EA,2010-12-01,9999-12-31,2,Cylinder Head,,SCH01011210,,266,266,00DH15ZZ
262,211760,DH101509,0,1,EA,2010-12-01,9999-12-31,10,Gear Change Mechanism,,SCH01011210,,267,267,00DH15ZZ
263,211760,DH101521,0,1,EA,2010-12-01,9999-12-31,19,Silencer Assembly,,SCH01011210,,269,269,00DH15ZZ
264,211760,DH101531,0,1,EA,2010-12-01,9999-12-31,16,Kick Starter Mechanism,,SCH01011210,,270,270,00DH15ZZ
265,211760,DH101533,0,1,EA,2010-01-22,9999-12-31,,,,SCH01220110,,271,271,00DH15ZZ
266,211760,DH101536,0,1,EA,2010-12-01,9999-12-31,16,Kick Starter Mechanism,,SCH01011210,,272,272,00DH15ZZ
267,211760,DH101537,0,1,EA,2010-12-01,9999-12-31,16,Kick Starter Mechanism,,SCH01011210,,273,273,00DH15ZZ
268,211760,DH101538,0,1,EA,2010-12-01,9999-12-31,16,Kick Starter Mechanism,,SCH01011210,,274,274,00DH15ZZ
269,211760,DH101539,0,1,EA,2010-12-01,9999-12-31,16,Kick Starter Mechanism,,SCH01011210,,275,275,00DH15ZZ
270,211760,DH101540,0,1,EA,2010-12-01,9999-12-31,16,Kick Starter Mechanism,,SCH01011210,,276,276,00DH15ZZ
271,211760,DH101544,0,1,EA,2010-12-01,9999-12-31,13,Cover RH,,SCH01011210,,277,277,00DH15ZZ
272,211760,DH101545,0,1,EA,2010-12-01,9999-12-31,16,Kick Starter Mechanism,,SCH01011210,,278,278,00DH15ZZ
273,211760,DH101548,0,1,EA,2010-01-22,9999-12-31,,,,SCH01220110,,279,279,00DH15ZZ
274,211760,DH101581,0,1,EA,2010-01-22,9999-12-31,,,,SCH01220110,,280,280,00DH15ZZ
275,211760,DH101607,0,4,EA,2010-12-01,9999-12-31,19,Silencer Assembly,,SCH01011210,,281,281,00DH15ZZ
276,211760,DH101608,0,1,EA,2010-01-22,9999-12-31,,,,SCH01220110,,282,282,00DH15ZZ
277,211760,DH101648,0,1,EA,2010-12-01,9999-12-31,15,Clutch,,SCH01011210,,283,283,00DH15ZZ
278,211760,DH101654,0,1,EA,2010-12-01,9999-12-31,12,Crankcase LH,,SCH01011210,,284,284,00DH15ZZ
279,211760,DH101661,0,1,EA,2010-12-01,9999-12-31,12,Crankcase LH,,SCH01011210,,285,285,00DH15ZZ
280,211760,DH101665,0,1,EA,2010-12-01,9999-12-31,5,Cylinder & Piston,,SCH01011210,,286,286,00DH15ZZ
281,211760,DH101671,0,2,EA,2010-12-01,9999-12-31,5,Cylinder & Piston,,SCH01011210,,287,287,00DH15ZZ
282,211760,DH101672,0,1,EA,2010-12-01,9999-12-31,6,Crankshaft,,SCH01011210,,288,288,00DH15ZZ
283,211760,DH101680,0,1,EA,2010-12-01,9999-12-31,2,Cylinder Head,,SCH01011210,,289,289,00DH15ZZ
284,211760,DH101795,0,1,EA,2010-01-22,9999-12-31,,,,SCH01220110,,291,291,00DH15ZZ
285,211760,DH101853,0,1,EA,2010-12-01,9999-12-31,15,Clutch,,SCH01011210,,292,292,00DH15ZZ
286,211760,DH101898,0,1,EA,2010-12-01,9999-12-31,2,Cylinder Head,,SCH01011210,,293,293,00DH15ZZ
287,211760,DH101919,0,1,EA,2010-12-01,9999-12-31,11,Engine Assembly & Crankcase RH,,SCH01011210,,294,294,00DH15ZZ
288,211760,DH111009,0,1,EA,2010-01-22,9999-12-31,,,,SCH01220110,,295,295,00DH15ZZ
289,211760,DH111012,0,1,EA,2010-12-01,9999-12-31,2,Cylinder Head,,SCH01011210,,296,296,00DH15ZZ
290,211760,DH111013,0,2,EA,2010-12-01,9999-12-31,22,"Magneto, CDI & H.T. Coil",,SCH01011210,,297,297,00DH15ZZ
291,211760,DH111015,0,2,EA,2010-12-01,9999-12-31,22,"Magneto, CDI & H.T. Coil",,SCH01011210,,298,298,00DH15ZZ
292,211760,DH111016,0,1,EA,2010-12-01,9999-12-31,22,"Magneto, CDI & H.T. Coil",,SCH01011210,,299,299,00DH15ZZ
293,211760,DH111072,0,1,EA,2010-12-01,9999-12-31,22,"Magneto, CDI & H.T. Coil",,SCH01011210,,300,300,00DH15ZZ
294,211760,DH111077,0,1,EA,2010-12-01,9999-12-31,22,"Magneto, CDI & H.T. Coil",,SCH01011210,,301,301,00DH15ZZ
295,211760,DH111078,0,1,EA,2010-12-01,9999-12-31,22,"Magneto, CDI & H.T. Coil",,SCH01011210,,302,302,00DH15ZZ
296,211760,DH111080,0,1,EA,2010-01-22,9999-12-31,,,,SCH01220110,,303,303,00DH15ZZ
297,211760,DH111081,0,1,EA,2010-12-01,9999-12-31,22,"Magneto, CDI & H.T. Coil",,SCH01011210,,304,304,00DH15ZZ
298,211760,DH111082,0,1,EA,2010-01-22,9999-12-31,,,,SCH01220110,,305,305,00DH15ZZ
299,211760,DH111084,0,1,EA,2010-12-01,9999-12-31,23,Starter Assembly (For Self Start),,SCH01011210,,306,306,00DH15ZZ
300,211760,DH121010,0,1,EA,2010-12-01,9999-12-31,21,Oil Pump,,SCH01011210,,307,307,00DH15ZZ
301,211760,DH121011,0,1,EA,2010-12-01,9999-12-31,13,Cover RH,,SCH01011210,,308,308,00DH15ZZ
302,211760,DH121012,0,1,EA,2010-12-01,9999-12-31,13,Cover RH,,SCH01011210,,309,309,00DH15ZZ
303,211760,DH121020,0,1,EA,2010-01-22,9999-12-31,,,,SCH01220110,,310,310,00DH15ZZ
304,211760,DH121038,0,2,EA,2010-12-01,9999-12-31,2,Cylinder Head,,SCH01011210,,311,311,00DH15ZZ
305,211760,DH121101,0,1,EA,2010-12-01,9999-12-31,17,Carburettor,,SCH01011210,,312,312,00DH15ZZ
306,211760,DH121142,0,1,EA,2010-01-22,9999-12-31,,,,SCH01220110,,313,313,00DH15ZZ
307,211760,DH121154,0,1,EA,2010-12-01,9999-12-31,17,Carburettor,,SCH01011210,,314,314,00DH15ZZ
308,211760,DH141020,0,1,EA,2010-12-01,9999-12-31,39,Painted Parts & Decals,,SCH01011210,,315,315,00DH15ZZ
309,211760,DH141023,0,1,EA,2010-12-01,9999-12-31,41,"Fittings Petrol Tank, Side Cvoer & Cover",,SCH01011210,,316,316,00DH15ZZ
310,211760,DH141024,0,1,EA,2010-12-01,9999-12-31,40,Cap Tank & Gauge Fuel,,SCH01011210,,317,317,00DH15ZZ
311,211760,DH141048,0,1,EA,2010-12-01,9999-12-31,40,Cap Tank & Gauge Fuel,,SCH01011210,,318,318,00DH15ZZ
312,211760,DH141050,0,1,EA,2010-12-01,9999-12-31,40,Cap Tank & Gauge Fuel,,SCH01011210,,319,319,00DH15ZZ
313,211760,DH141057,0,1,EA,2010-01-22,9999-12-31,,,,SCH01220110,,320,320,00DH15ZZ
314,211760,DH151029,0,1,EA,2010-12-01,9999-12-31,36,Rear Brake Pedal,,SCH01011210,,321,321,00DH15ZZ
315,211760,DH161053,0,2,EA,2010-12-01,9999-12-31,27,Rider Foot Rest,,SCH01011210,,322,322,00DH15ZZ
316,211760,DH161056,0,2,EA,2010-12-01,9999-12-31,27,Rider Foot Rest,,SCH01011210,,323,323,00DH15ZZ
317,211760,DH161057,0,1,EA,2010-01-22,9999-12-31,,,,SCH01220110,,324,324,00DH15ZZ
318,211760,DH161066,0,1,EA,2010-12-01,9999-12-31,30,Stand Assembly,,SCH01011210,,325,325,00DH15ZZ
319,211760,DH161100,0,1,EA,2010-01-22,9999-12-31,,,,SCH01220110,,326,326,00DH15ZZ
320,211760,DH161112,0,2,EA,2010-12-01,9999-12-31,25,Frame & Frame Fittings,,SCH01011210,,327,327,00DH15ZZ
321,211760,DH161121,0,1,EA,2010-12-01,9999-12-31,30,Stand Assembly,,SCH01011210,,328,328,00DH15ZZ
322,211760,DH161133,0,1,EA,2010-01-22,9999-12-31,,,,SCH01220110,,329,329,00DH15ZZ
323,211760,DH161145,0,1,EA,2010-12-01,9999-12-31,30,Stand Assembly,,SCH01011210,,330,330,00DH15ZZ
324,211760,DH161146,0,1,EA,2010-12-01,9999-12-31,30,Stand Assembly,,SCH01011210,,331,331,00DH15ZZ
325,211760,DH161158,0,1,EA,2010-01-22,9999-12-31,,,,SCH01220110,,332,332,00DH15ZZ
326,211760,DH161170,0,1,EA,2010-12-01,9999-12-31,24,Engine Mountings,,SCH01011210,,333,333,00DH15ZZ
327,211760,DH161194,0,1,EA,2010-12-01,9999-12-31,27,Rider Foot Rest,,SCH01011210,,334,334,00DH15ZZ
328,211760,DH161231,0,1,EA,2010-01-22,9999-12-31,,,,SCH01220110,,335,335,00DH15ZZ
329,211760,DH161239,0,1,EA,2010-01-22,9999-12-31,,,,SCH01220110,,336,336,00DH15ZZ
330,211760,DH161240,0,1,EA,2010-01-22,9999-12-31,,,,SCH01220110,,337,337,00DH15ZZ
331,211760,DH161258,0,1,EA,2010-12-01,9999-12-31,29,Mudguard - Front & Rear,,SCH01011210,,338,338,00DH15ZZ
332,211760,DH161268,0,1,EA,2010-12-01,9999-12-31,24,Engine Mountings,,SCH01011210,,339,339,00DH15ZZ
333,211760,DH161269,0,1,EA,2010-12-01,9999-12-31,24,Engine Mountings,,SCH01011210,,340,340,00DH15ZZ
334,211760,DH161273,0,1,EA,2010-12-01,9999-12-31,24,Engine Mountings,,SCH01011210,,341,341,00DH15ZZ
335,211760,DH161283,0,4,EA,2010-12-01,9999-12-31,44,Chain Case,,SCH01011210,,342,342,00DH15ZZ
336,211760,DH161284,0,2,EA,2010-12-01,9999-12-31,44,Chain Case,,SCH01011210,,343,343,00DH15ZZ
337,211760,DH161292,0,1,EA,2010-12-01,9999-12-31,47,Tail Lamp Assembly & Front & Rear Number,,SCH01011210,,344,344,00DH15ZZ
338,211760,DH161293,0,2,EA,2010-12-01,9999-12-31,47,Tail Lamp Assembly & Front & Rear Number,,SCH01011210,,345,345,00DH15ZZ
339,211760,DH161301,0,1,EA,2010-12-01,9999-12-31,24,Engine Mountings,,SCH01011210,,346,346,00DH15ZZ
340,211760,DH161321,0,1,EA,2010-12-01,9999-12-31,25,Frame & Frame Fittings,,SCH01011210,,347,347,00DH15ZZ
341,211760,DH161326,0,2,EA,2010-12-01,9999-12-31,39,Painted Parts & Decals,,SCH01011210,,348,348,00DH15ZZ
342,211760,DH161327,0,2,EA,2010-12-01,9999-12-31,39,Painted Parts & Decals,,SCH01011210,,349,349,00DH15ZZ
343,211760,DH161328,0,2,EA,2010-12-01,9999-12-31,39,Painted Parts & Decals,,SCH01011210,,350,350,00DH15ZZ
344,211760,DH161329,0,2,EA,2010-12-01,9999-12-31,39,Painted Parts & Decals,,SCH01011210,,351,351,00DH15ZZ
345,211760,DH161331,0,1,EA,2010-01-22,9999-12-31,,,,SCH01220110,,352,352,00DH15ZZ
346,211760,DH161360,0,1,EA,2010-01-22,9999-12-31,,,,SCH01220110,,353,353,00DH15ZZ
347,211760,DH161361,0,1,EA,2010-01-22,9999-12-31,,,,SCH01220110,,354,354,00DH15ZZ
348,211760,DH161362,0,1,EA,2010-01-22,9999-12-31,,,,SCH01220110,,355,355,00DH15ZZ
349,211760,DH161363,0,1,EA,2010-01-22,9999-12-31,,,,SCH01220110,,356,356,00DH15ZZ
350,211760,DH171012,0,1,EA,2010-12-01,9999-12-31,26,Swing arm & Rear Shock Absorber,,SCH01011210,,357,357,00DH15ZZ
351,211760,DH171013,0,2,EA,2010-12-01,9999-12-31,26,Swing arm & Rear Shock Absorber,,SCH01011210,,358,358,00DH15ZZ
352,211760,DH171014,0,4,EA,2010-12-01,9999-12-31,26,Swing arm & Rear Shock Absorber,,SCH01011210,,359,359,00DH15ZZ
353,211760,DH171015,0,4,EA,2010-12-01,9999-12-31,26,Swing arm & Rear Shock Absorber,,SCH01011210,,360,360,00DH15ZZ
354,211760,DH171019,0,1,EA,2010-12-01,9999-12-31,26,Swing arm & Rear Shock Absorber,,SCH01011210,,361,361,00DH15ZZ
355,211760,DH171023,0,2,EA,2010-12-01,9999-12-31,26,Swing arm & Rear Shock Absorber,,SCH01011210,,362,362,00DH15ZZ
356,211760,DH181015,0,2,EA,2010-12-01,9999-12-31,38,Front Fork,,SCH01011210,,363,363,00DH15ZZ
357,211760,DH181052,0,1,EA,2010-12-01,9999-12-31,45,Head Lamp Fairing,,SCH01011210,,364,364,00DH15ZZ
358,211760,DH181069,0,1,EA,2010-12-01,9999-12-31,37,Handle Bar (Single Tube Type),,SCH01011210,,365,365,00DH15ZZ
359,211760,DH181086,0,1,EA,2010-12-01,9999-12-31,38,Front Fork,,SCH01011210,,366,366,00DH15ZZ
360,211760,DH181087,0,2,EA,2010-12-01,9999-12-31,38,Front Fork,,SCH01011210,,367,367,00DH15ZZ
361,211760,DH181090,0,1,EA,2010-01-22,9999-12-31,,,,SCH01220110,,368,368,00DH15ZZ
362,211760,DH181091,0,1,EA,2010-12-01,9999-12-31,37,Handle Bar (Split Type),,SCH01011210,,369,369,00DH15ZZ
363,211760,DH181092,0,1,EA,2010-12-01,9999-12-31,38,Front Fork,,SCH01011210,,370,370,00DH15ZZ
364,211760,DH181093,0,1,EA,2010-01-22,9999-12-31,,,,SCH01220110,,371,371,00DH15ZZ
365,211760,DH181094,0,1,EA,2010-12-01,9999-12-31,37,Handle Bar (Split Type),,SCH01011210,,372,372,00DH15ZZ
366,211760,DH181095,0,1,EA,2010-01-22,9999-12-31,,,,SCH01220110,,373,373,00DH15ZZ
367,211760,DH181096,0,1,EA,2010-12-01,9999-12-31,37,Handle Bar (Split Type),,SCH01011210,,374,374,00DH15ZZ
368,211760,DH181099,0,2,EA,2010-12-01,9999-12-31,37,Handle Bar (Split Type),,SCH01011210,,375,375,00DH15ZZ
369,211760,DH191001,0,1,EA,2010-12-01,9999-12-31,36,Rear Brake Pedal,,SCH01011210,,376,376,00DH15ZZ
370,211760,DH191006,0,1,EA,2010-12-01,9999-12-31,36,Rear Brake Pedal,,SCH01011210,,377,377,00DH15ZZ
371,211760,DH191007,0,1,EA,2010-12-01,9999-12-31,37,Handle Bar (Single Tube Type),,SCH01011210,,378,378,00DH15ZZ
372,211760,DH191008,0,1,EA,2010-12-01,9999-12-31,37,Handle Bar (Single Tube Type),,SCH01011210,,379,379,00DH15ZZ
373,211760,DH191012,0,1,EA,2010-12-01,9999-12-31,48,Electrical Equipments,,SCH01011210,,380,380,00DH15ZZ
374,211760,DH191017,0,1,EA,2010-12-01,9999-12-31,37,Handle Bar (Split Type),,SCH01011210,,381,381,00DH15ZZ
375,211760,DH191018,0,1,EA,2010-01-22,9999-12-31,,,,SCH01220110,,382,382,00DH15ZZ
376,211760,DH191019,0,1,EA,2010-12-01,9999-12-31,37,Handle Bar (Single Tube Type),,SCH01011210,,383,383,00DH15ZZ
377,211760,DH191056,0,1,EA,2010-12-01,9999-12-31,42,Meter Assembly,,SCH01011210,,384,384,00DH15ZZ
378,211760,DH201062,0,1,EA,2010-12-01,9999-12-31,40,Cap Tank & Gauge Fuel,,SCH01011210,,385,385,00DH15ZZ
379,211760,DH201076,0,1,EA,2010-12-01,9999-12-31,48,Electrical Equipments,,SCH01011210,,386,386,00DH15ZZ
380,211760,DH201077,0,1,EA,2010-12-01,9999-12-31,48,Electrical Equipments,,SCH01011210,,387,387,00DH15ZZ
381,211760,DH211005,0,2,EA,2010-12-01,9999-12-31,49,Tool Kit,,SCH01011210,,388,388,00DH15ZZ
382,211760,DH73022V,0,1,EA,2010-01-22,9999-12-31,,,,SCH01220110,,389,389,00DH15ZZ
383,211760,DH73032V,0,1,EA,2010-12-01,9999-12-31,39,Painted Parts & Decals,,SCH01011210,,390,390,00DH15ZZ
384,211760,DH73034K,0,1,EA,2010-12-01,9999-12-31,39,Painted Parts & Decals,,SCH01011210,,391,391,00DH15ZZ
385,211760,DH73034L,0,1,EA,2010-12-01,9999-12-31,39,Painted Parts & Decals,,SCH01011210,,392,392,00DH15ZZ
386,211760,DH73034M,0,1,EA,2010-12-01,9999-12-31,39,Painted Parts & Decals,,SCH01011210,,393,393,00DH15ZZ
387,211760,DH74014K,0,1,EA,2010-12-01,9999-12-31,39,Painted Parts & Decals,,SCH01011210,,394,394,00DH15ZZ
388,211760,DH74014L,0,1,EA,2010-12-01,9999-12-31,39,Painted Parts & Decals,,SCH01011210,,395,395,00DH15ZZ
389,211760,DH74014M,0,1,EA,2010-12-01,9999-12-31,39,Painted Parts & Decals,,SCH01011210,,396,396,00DH15ZZ
390,211760,DJ010025,0,1,EA,2010-01-22,9999-12-31,,,,SCH01220110,,398,398,00DH15ZZ
391,211760,DJ101063,0,1,EA,2010-12-01,9999-12-31,8,Transmission,,SCH01011210,,399,399,00DH15ZZ
392,211760,DJ101064,0,1,EA,2010-12-01,9999-12-31,19,Silencer Assembly,,SCH01011210,,400,400,00DH15ZZ
393,211760,DJ101109,0,1,EA,2010-01-22,9999-12-31,,,,SCH01220110,,401,401,00DH15ZZ
394,211760,DJ101110,0,1,EA,2010-12-01,9999-12-31,8,Transmission,,SCH01011210,,402,402,00DH15ZZ
395,211760,DJ101114,0,1,EA,2010-01-22,9999-12-31,,,,SCH01220110,,403,403,00DH15ZZ
396,211760,DJ101213,0,1,EA,2010-12-01,9999-12-31,11,Engine Assembly & Crankcase RH,,SCH01011210,,404,404,00DH15ZZ
397,211760,DJ101217,0,2,EA,2010-12-01,9999-12-31,1,Cover Cylinder Head,,SCH01011210,,405,405,00DH15ZZ
398,211760,DJ101242,0,1,EA,2010-01-22,9999-12-31,,,,SCH01220110,,406,406,00DH15ZZ
399,211760,DJ101267,0,1,EA,2010-01-22,9999-12-31,,,,SCH01220110,,407,407,00DH15ZZ
400,211760,DJ101268,0,1,EA,2010-12-01,9999-12-31,14,Cover Magneto,,SCH01011210,,408,408,00DH15ZZ
401,211760,DJ101271,0,1,EA,2010-12-01,9999-12-31,14,Cover Magneto,,SCH01011210,,409,409,00DH15ZZ
402,211760,DJ101300,0,1,EA,2010-01-22,9999-12-31,,,,SCH01220110,,410,410,00DH15ZZ
403,211760,DJ101302,0,1,EA,2010-01-22,9999-12-31,,,,SCH01220110,,411,411,00DH15ZZ
404,211760,DJ101312,0,1,EA,2010-01-22,9999-12-31,,,,SCH01220110,,412,412,00DH15ZZ
405,211760,DJ101344,0,1,EA,2010-12-01,9999-12-31,12,Crankcase LH,,SCH01011210,,413,413,00DH15ZZ
406,211760,DJ111020,0,1,EA,2010-01-22,9999-12-31,,,,SCH01220110,,414,414,00DH15ZZ
407,211760,DJ111093,0,1,EA,2010-01-22,9999-12-31,,,,SCH01220110,,415,415,00DH15ZZ
408,211760,DJ121022,0,1,EA,2010-12-01,9999-12-31,2,Cylinder Head,,SCH01011210,,416,416,00DH15ZZ
409,211760,DJ121030,0,1,EA,2010-01-22,9999-12-31,,,,SCH01220110,,417,417,00DH15ZZ
410,211760,DJ121039,0,1,EA,2010-12-01,9999-12-31,18,Air Cleaner Complete,,SCH01011210,,418,418,00DH15ZZ
411,211760,DJ121040,0,1,EA,2010-12-01,9999-12-31,18,Air Cleaner Complete,,SCH01011210,,419,419,00DH15ZZ
412,211760,DJ121070,0,1,EA,2010-12-01,9999-12-31,17,Carburettor,,SCH01011210,,420,420,00DH15ZZ
413,211760,DJ141002,0,1,EA,2010-01-22,9999-12-31,,,,SCH01220110,,421,421,00DH15ZZ
414,211760,DJ141008,0,2,EA,2010-12-01,9999-12-31,25,Frame & Frame Fittings,,SCH01011210,,422,422,00DH15ZZ
415,211760,DJ151032,0,1,EA,2010-12-01,9999-12-31,35,Rear Hub,,SCH01011210,,423,423,00DH15ZZ
416,211760,DJ151033,0,1,EA,2010-12-01,9999-12-31,35,Rear Hub,,SCH01011210,,424,424,00DH15ZZ
417,211760,DJ151034,0,1,EA,2010-12-01,9999-12-31,35,Rear Hub,,SCH01011210,,425,425,00DH15ZZ
418,211760,DJ151035,0,1,EA,2010-12-01,9999-12-31,35,Rear Hub,,SCH01011210,,426,426,00DH15ZZ
419,211760,DJ151036,0,1,EA,2010-12-01,9999-12-31,26,Swing arm & Rear Shock Absorber,,SCH01011210,,427,427,00DH15ZZ
420,211760,DJ151037,0,1,EA,2010-12-01,9999-12-31,26,Swing arm & Rear Shock Absorber,,SCH01011210,,428,428,00DH15ZZ
421,211760,DJ151041,0,1,EA,2010-12-01,9999-12-31,32,Front Hub,,SCH01011210,,429,429,00DH15ZZ
422,211760,DJ151042,0,1,EA,2010-12-01,9999-12-31,36,Rear Brake Pedal,,SCH01011210,,430,430,00DH15ZZ
423,211760,DJ151047,0,2,EA,2010-12-01,9999-12-31,26,Swing arm & Rear Shock Absorber,,SCH01011210,,431,431,00DH15ZZ
424,211760,DJ151059,0,1,EA,2010-01-22,9999-12-31,,,,SCH01220110,,432,432,00DH15ZZ
425,211760,DJ151077,0,1,EA,2010-12-01,9999-12-31,31,"Tube , Tyre & Rim",,SCH01011210,,433,433,00DH15ZZ
426,211760,DJ151087,0,1,EA,2010-12-01,9999-12-31,31,"Tube , Tyre & Rim",,SCH01011210,,434,434,00DH15ZZ
427,211760,DJ151088,0,1,EA,2011-05-16,9999-12-31,,,,SCH01160511,,435,435,00DH15ZZ
428,211760,DJ151092,0,1,EA,2010-12-01,9999-12-31,35,Rear Hub,,SCH01011210,,436,436,00DH15ZZ
429,211760,DJ151094,0,1,EA,2010-01-22,9999-12-31,,,,SCH01220110,,437,437,00DH15ZZ
430,211760,DJ161069,0,1,EA,2010-12-01,9999-12-31,29,Mudguard - Front & Rear,,SCH01011210,,438,438,00DH15ZZ
431,211760,DJ161073,0,1,EA,2010-01-22,9999-12-31,,,,SCH01220110,,439,439,00DH15ZZ
432,211760,DJ161079,0,1,EA,2010-12-01,9999-12-31,50,Accessories & Grab Handle,,SCH01011210,,440,440,00DH15ZZ
433,211760,DJ161080,0,1,EA,2010-12-01,9999-12-31,50,Accessories & Grab Handle,,SCH01011210,,441,441,00DH15ZZ
434,211760,DJ161087,0,1,EA,2010-01-22,9999-12-31,,,,SCH01220110,,442,442,00DH15ZZ
435,211760,DJ161088,0,1,EA,2010-12-01,9999-12-31,24,Engine Mountings,,SCH01011210,,443,443,00DH15ZZ
436,211760,DJ161089,0,1,EA,2010-12-01,9999-12-31,24,Engine Mountings,,SCH01011210,,444,444,00DH15ZZ
437,211760,DJ161090,0,1,EA,2010-01-22,9999-12-31,,,,SCH01220110,,445,445,00DH15ZZ
438,211760,DJ161091,0,4,EA,2010-12-01,9999-12-31,29,Mudguard - Front & Rear,,SCH01011210,,446,446,00DH15ZZ
439,211760,DJ161114,0,1,EA,2010-12-01,9999-12-31,24,Engine Mountings,,SCH01011210,,447,447,00DH15ZZ
440,211760,DJ161115,0,1,EA,2010-12-01,9999-12-31,24,Engine Mountings,,SCH01011210,,448,448,00DH15ZZ
441,211760,DJ161122,0,2,EA,2010-12-01,9999-12-31,28,Pillion Foot Rest & Holder,,SCH01011210,,449,449,00DH15ZZ
442,211760,DJ161124,0,1,EA,2010-01-22,9999-12-31,,,,SCH01220110,,450,450,00DH15ZZ
443,211760,DJ161126,0,1,EA,2010-01-22,9999-12-31,,,,SCH01220110,,451,451,00DH15ZZ
444,211760,DJ161127,0,1,EA,2010-01-22,9999-12-31,,,,SCH01220110,,452,452,00DH15ZZ
445,211760,DJ161128,0,1,EA,2010-12-01,9999-12-31,28,Pillion Foot Rest & Holder,,SCH01011210,,453,453,00DH15ZZ
446,211760,DJ161129,0,1,EA,2010-12-01,9999-12-31,28,Pillion Foot Rest & Holder,,SCH01011210,,454,454,00DH15ZZ
447,211760,DJ161130,0,1,EA,2010-12-01,9999-12-31,27,Rider Foot Rest,,SCH01011210,,455,455,00DH15ZZ
448,211760,DJ161131,0,1,EA,2010-12-01,9999-12-31,27,Rider Foot Rest,,SCH01011210,,456,456,00DH15ZZ
449,211760,DJ161132,0,1,EA,2010-12-01,9999-12-31,25,Frame & Frame Fittings,,SCH01011210,,457,457,00DH15ZZ
450,211760,DJ161133,0,1,EA,2010-12-01,9999-12-31,25,Frame & Frame Fittings,,SCH01011210,,458,458,00DH15ZZ
451,211760,DJ161175,0,1,EA,2010-01-22,9999-12-31,,,,SCH01220110,,459,459,00DH15ZZ
452,211760,DJ161176,0,1,EA,2010-01-22,9999-12-31,,,,SCH01220110,,460,460,00DH15ZZ
453,211760,DJ161214,0,1,EA,2010-12-01,9999-12-31,30,Stand Assembly,,SCH01011210,,461,461,00DH15ZZ
454,211760,DJ161218,0,1,EA,2010-12-01,9999-12-31,30,Stand Assembly,,SCH01011210,,462,462,00DH15ZZ
455,211760,DJ161221,0,1,EA,2010-12-01,9999-12-31,29,Mudguard - Front & Rear,,SCH01011210,,463,463,00DH15ZZ
456,211760,DJ161226,0,1,EA,2010-12-01,9999-12-31,50,Accessories & Grab Handle,,SCH01011210,,464,464,00DH15ZZ
457,211760,DJ161227,0,1,EA,2010-12-01,9999-12-31,44,Chain Case,,SCH01011210,,465,465,00DH15ZZ
458,211760,DJ161229,0,4,EA,2010-12-01,9999-12-31,45,Head Lamp Fairing,,SCH01011210,,466,466,00DH15ZZ
459,211760,DJ161247,0,1,EA,2010-12-01,9999-12-31,48,Electrical Equipments,,SCH01011210,,467,467,00DH15ZZ
460,211760,DJ161254,0,1,EA,2010-12-01,9999-12-31,29,Mudguard - Front & Rear,,SCH01011210,,468,468,00DH15ZZ
461,211760,DJ161255,0,1,EA,2010-12-01,9999-12-31,29,Mudguard - Front & Rear,,SCH01011210,,469,469,00DH15ZZ
462,211760,DJ161256,0,1,EA,2010-12-01,9999-12-31,28,Pillion Foot Rest & Holder,,SCH01011210,,470,470,00DH15ZZ
463,211760,DJ161257,0,1,EA,2010-12-01,9999-12-31,28,Pillion Foot Rest & Holder,,SCH01011210,,471,471,00DH15ZZ
464,211760,DJ161263,0,1,EA,2010-12-01,9999-12-31,50,Accessories & Grab Handle,,SCH01011210,,472,472,00DH15ZZ
465,211760,DJ161272,0,1,EA,2010-12-01,9999-12-31,29,Mudguard - Front & Rear,,SCH01011210,,473,473,00DH15ZZ
466,211760,DJ161291,0,1,EA,2010-01-22,9999-12-31,,,,SCH01220110,,474,474,00DH15ZZ
467,211760,DJ171008,0,1,EA,2010-12-01,9999-12-31,26,Swing arm & Rear Shock Absorber,,SCH01011210,,475,475,00DH15ZZ
468,211760,DJ171031,0,1,EA,2010-01-22,9999-12-31,,,,SCH01220110,,476,476,00DH15ZZ
469,211760,DJ171032,0,1,EA,2010-12-01,9999-12-31,26,Swing arm & Rear Shock Absorber,,SCH01011210,,477,477,00DH15ZZ
470,211760,DJ181011,0,2,EA,2010-12-01,9999-12-31,37,Handle Bar (Single Tube Type),,SCH01011210,,478,478,00DH15ZZ
471,211760,DJ181029,0,1,EA,2010-01-22,9999-12-31,,,,SCH01220110,,479,479,00DH15ZZ
472,211760,DJ181033,0,1,EA,2010-12-01,9999-12-31,45,Head Lamp Fairing,,SCH01011210,,480,480,00DH15ZZ
473,211760,DJ181037,0,1,EA,2010-12-01,9999-12-31,45,Head Lamp Fairing,,SCH01011210,,481,481,00DH15ZZ
474,211760,DJ181064,0,1,EA,2010-01-22,9999-12-31,,,,SCH01220110,,482,482,00DH15ZZ
475,211760,DJ181065,0,1,EA,2010-01-22,9999-12-31,,,,SCH01220110,,483,483,00DH15ZZ
476,211760,DJ181077,0,1,EA,2010-01-22,9999-12-31,,,,SCH01220110,,484,484,00DH15ZZ
477,211760,DJ181087,0,2,EA,2010-12-01,9999-12-31,38,Front Fork,,SCH01011210,,485,485,00DH15ZZ
478,211760,DJ181104,0,2,EA,2010-12-01,9999-12-31,38,Front Fork,,SCH01011210,,486,486,00DH15ZZ
479,211760,DJ181119,0,1,EA,2010-12-01,9999-12-31,42,Meter Assembly,,SCH01011210,,487,487,00DH15ZZ
480,211760,DJ181120,0,1,EA,2010-12-01,9999-12-31,45,Head Lamp Fairing,,SCH01011210,,488,488,00DH15ZZ
481,211760,DJ191010,0,1,EA,2010-12-01,9999-12-31,36,Rear Brake Pedal,,SCH01011210,,489,489,00DH15ZZ
482,211760,DJ191015,0,1,EA,2010-12-01,9999-12-31,43,Control Cables,,SCH01011210,,490,490,00DH15ZZ
483,211760,DJ191021,0,1,EA,2010-12-01,9999-12-31,36,Rear Brake Pedal,,SCH01011210,,491,491,00DH15ZZ
484,211760,DJ191054,0,1,EA,2010-12-01,9999-12-31,37,Handle Bar (Single Tube Type),,SCH01011210,,492,492,00DH15ZZ
485,211760,DJ191055,0,1,EA,2010-12-01,9999-12-31,37,Handle Bar (Single Tube Type),,SCH01011210,,493,493,00DH15ZZ
486,211760,DJ191056,0,1,EA,2010-01-22,9999-12-31,,,,SCH01220110,,494,494,00DH15ZZ
487,211760,DJ191057,0,1,EA,2010-01-22,9999-12-31,,,,SCH01220110,,495,495,00DH15ZZ
488,211760,DJ191061,0,1,EA,2010-12-01,9999-12-31,43,Control Cables,,SCH01011210,,496,496,00DH15ZZ
489,211760,DJ191069,0,1,EA,2010-01-22,9999-12-31,,,,SCH01220110,,497,497,00DH15ZZ
490,211760,DJ201021,0,1,EA,2010-12-01,9999-12-31,12,Crankcase LH,,SCH01011210,,498,498,00DH15ZZ
491,211760,DJ201028,0,1,EA,2010-12-01,9999-12-31,48,Electrical Equipments,,SCH01011210,,499,499,00DH15ZZ
492,211760,DJ201052,0,1,EA,2010-01-22,9999-12-31,,,,SCH01220110,,500,500,00DH15ZZ
493,211760,DJ201072,0,2,EA,2010-12-01,9999-12-31,45,Head Lamp Fairing,,SCH01011210,,501,501,00DH15ZZ
494,211760,DJ201130,0,1,EA,2010-01-22,9999-12-31,,,,SCH01220110,,502,502,00DH15ZZ
495,211760,DJ201132,0,1,EA,2010-12-01,9999-12-31,45,Head Lamp Fairing,,SCH01011210,,503,503,00DH15ZZ
496,211760,DJ201137,0,1,EA,2010-12-01,9999-12-31,42,Meter Assembly,,SCH01011210,,504,504,00DH15ZZ
497,211760,DJ201183,0,1,EA,2010-01-22,9999-12-31,,,,SCH01220110,,505,505,00DH15ZZ
498,211760,DJ201195,0,1,EA,2010-12-01,9999-12-31,37,Handle Bar (Single Tube Type),,SCH01011210,,506,506,00DH15ZZ
499,211760,DJ201201,0,1,EA,2010-12-01,9999-12-31,48,Electrical Equipments,,SCH01011210,,507,507,00DH15ZZ
500,211760,DJ201202,0,1,EA,2010-12-01,9999-12-31,22,"Magneto, CDI & H.T. Coil",,SCH01011210,,508,508,00DH15ZZ
501,211760,DJ201206,0,1,EA,2010-12-01,9999-12-31,46,Indicator Light Assebmly,,SCH01011210,,509,509,00DH15ZZ
502,211760,DJ201207,0,1,EA,2010-12-01,9999-12-31,46,Indicator Light Assebmly,,SCH01011210,,510,510,00DH15ZZ
503,211760,DJ201211,0,1,EA,2010-12-01,9999-12-31,37,Handle Bar (Single Tube Type),,SCH01011210,,511,511,00DH15ZZ
504,211760,DJ211003,0,1,EA,2010-12-01,9999-12-31,20,Seat Assembly & Seat Lock,,SCH01011210,,512,512,00DH15ZZ
505,211760,DJ211006,0,1,EA,2010-12-01,9999-12-31,20,Seat Assembly & Seat Lock,,SCH01011210,,513,513,00DH15ZZ
506,211760,DJ221003,0,1,EA,2010-12-01,9999-12-31,37,Handle Bar (Single Tube Type),,SCH01011210,,514,514,00DH15ZZ
507,211760,DJ221004,0,1,EA,2010-12-01,9999-12-31,37,Handle Bar (Single Tube Type),,SCH01011210,,515,515,00DH15ZZ
508,211760,DJ221016,0,1,EA,2010-12-01,9999-12-31,50,Accessories & Grab Handle,,SCH01011210,,517,517,00DH15ZZ
509,211760,DJ72012V,0,1,EA,2010-12-01,9999-12-31,39,Painted Parts & Decals,,SCH01011210,,518,518,00DH15ZZ
510,211760,DJ72014K,0,1,EA,2010-12-01,9999-12-31,39,Painted Parts & Decals,,SCH01011210,,519,519,00DH15ZZ
511,211760,DJ72014L,0,1,EA,2010-12-01,9999-12-31,39,Painted Parts & Decals,,SCH01011210,,520,520,00DH15ZZ
512,211760,DJ72014M,0,1,EA,2010-12-01,9999-12-31,39,Painted Parts & Decals,,SCH01011210,,521,521,00DH15ZZ
513,211760,DJ73022V,0,1,EA,2010-12-01,9999-12-31,39,Painted Parts & Decals,,SCH01011210,,522,522,00DH15ZZ
514,211760,DJ73024K,0,1,EA,2010-12-01,9999-12-31,39,Painted Parts & Decals,,SCH01011210,,523,523,00DH15ZZ
515,211760,DJ73024L,0,1,EA,2010-12-01,9999-12-31,39,Painted Parts & Decals,,SCH01011210,,524,524,00DH15ZZ
516,211760,DJ73024M,0,1,EA,2010-12-01,9999-12-31,39,Painted Parts & Decals,,SCH01011210,,525,525,00DH15ZZ
517,211760,DK101059,0,1,EA,2010-01-22,9999-12-31,,,,SCH01220110,,526,526,00DH15ZZ
518,211760,DK101063,0,1,EA,2010-01-22,9999-12-31,,,,SCH01220110,,527,527,00DH15ZZ
519,211760,DK101126,0,1,EA,2010-12-01,9999-12-31,15,Clutch,,SCH01011210,,528,528,00DH15ZZ
520,211760,DK101159,0,1,EA,2010-12-01,9999-12-31,9,Change Drum & Shaft Fork,,SCH01011210,,530,530,00DH15ZZ
521,211760,DK101160,0,2,EA,2010-12-01,9999-12-31,9,Change Drum & Shaft Fork,,SCH01011210,,531,531,00DH15ZZ
522,211760,DK101176,0,1,EA,2010-12-01,9999-12-31,23,Starter Assembly (For Self Start),,SCH01011210,,532,532,00DH15ZZ
523,211760,DK101361,0,1,EA,2010-12-01,9999-12-31,9,Change Drum & Shaft Fork,,SCH01011210,,533,533,00DH15ZZ
524,211760,DK101380,0,1,EA,2010-12-01,9999-12-31,12,Crankcase LH,,SCH01011210,,534,534,00DH15ZZ
525,211760,DK101386,0,1,EA,2010-01-22,9999-12-31,,,,SCH01220110,,536,536,00DH15ZZ
526,211760,DK101480,0,1,EA,2010-12-01,9999-12-31,13,Cover RH,,SCH01011210,,537,537,00DH15ZZ
527,211760,DK101565,0,4,EA,2010-12-01,9999-12-31,15,Clutch,,SCH01011210,,538,538,00DH15ZZ
528,211760,DK101567,0,1,EA,2010-01-22,9999-12-31,,,,SCH01220110,,539,539,00DH15ZZ
529,211760,DK101568,0,1,EA,2010-01-22,9999-12-31,,,,SCH01220110,,540,540,00DH15ZZ
530,211760,DK101569,0,1,EA,2010-12-01,9999-12-31,15,Clutch,,SCH01011210,,541,541,00DH15ZZ
531,211760,DK101571,0,1,EA,2010-12-01,9999-12-31,15,Clutch,,SCH01011210,,542,542,00DH15ZZ
532,211760,DK101573,0,1,EA,2010-12-01,9999-12-31,15,Clutch,,SCH01011210,,543,543,00DH15ZZ
533,211760,DK101574,0,5,EA,2010-12-01,9999-12-31,15,Clutch,,SCH01011210,,544,544,00DH15ZZ
534,211760,DK101578,0,1,EA,2010-01-22,9999-12-31,,,,SCH01220110,,545,545,00DH15ZZ
535,211760,DK101592,0,1,EA,2010-12-01,9999-12-31,5,Cylinder & Piston,,SCH01011210,,546,546,00DH15ZZ
536,211760,DK101595,0,1,EA,2010-12-01,9999-12-31,23,Starter Assembly (For Self Start),,SCH01011210,,547,547,00DH15ZZ
537,211760,DK101596,0,5,EA,2010-12-01,9999-12-31,23,Starter Assembly (For Self Start),,SCH01011210,,548,548,00DH15ZZ
538,211760,DK101605,0,1,EA,2010-12-01,9999-12-31,23,Starter Assembly (For Self Start),,SCH01011210,,549,549,00DH15ZZ
539,211760,DK101614,0,1,EA,2010-12-01,9999-12-31,4,Camshaft & Tensioner,,SCH01011210,,550,550,00DH15ZZ
540,211760,DK101636,0,1,EA,2010-12-01,9999-12-31,15,Clutch,,SCH01011210,,551,551,00DH15ZZ
541,211760,DK101660,0,1,EA,2010-05-05,9999-12-31,,,,SCH01050510,,552,552,00DH15ZZ
542,211760,DK121006,0,1,EA,2010-01-22,9999-12-31,,,,SCH01220110,,553,553,00DH15ZZ
543,211760,DK121007,0,1,EA,2010-01-22,9999-12-31,,,,SCH01220110,,554,554,00DH15ZZ
544,211760,DK121008,0,1,EA,2010-01-22,9999-12-31,,,,SCH01220110,,555,555,00DH15ZZ
545,211760,DK121009,0,1,EA,2010-01-22,9999-12-31,,,,SCH01220110,,556,556,00DH15ZZ
546,211760,DK121015,0,1,EA,2010-12-01,9999-12-31,18,Air Cleaner Complete,,SCH01011210,,557,557,00DH15ZZ
547,211760,DK141001,0,1,EA,2010-12-01,9999-12-31,40,Cap Tank & Gauge Fuel,,SCH01011210,,558,558,00DH15ZZ
548,211760,DK161123,0,1,EA,2010-12-01,9999-12-31,39,Painted Parts & Decals,,SCH01011210,,559,559,00DH15ZZ
549,211760,DK161124,0,1,EA,2010-12-01,9999-12-31,39,Painted Parts & Decals,,SCH01011210,,560,560,00DH15ZZ
550,211760,DK161153,0,4,EA,2010-12-01,9999-12-31,47,Tail Lamp Assembly & Front & Rear Number,,SCH01011210,,561,561,00DH15ZZ
551,211760,DK181031,0,2,EA,2010-12-01,9999-12-31,37,Handle Bar (Split Type),,SCH01011210,,562,562,00DH15ZZ
552,211760,DK181046,0,1,EA,2010-12-01,9999-12-31,37,Handle Bar (Split Type),,SCH01011210,,563,563,00DH15ZZ
553,211760,DK181047,0,1,EA,2010-12-01,9999-12-31,37,Handle Bar (Split Type),,SCH01011210,,564,564,00DH15ZZ
554,211760,DK181058,0,2,EA,2010-12-01,9999-12-31,37,Handle Bar (Split Type),,SCH01011210,,565,565,00DH15ZZ
555,211760,DK201003,0,1,EA,2010-12-01,9999-12-31,47,Tail Lamp Assembly & Front & Rear Number,,SCH01011210,,566,566,00DH15ZZ
556,211760,DK201016,0,1,EA,2010-01-22,9999-12-31,,,,SCH01220110,,567,567,00DH15ZZ
557,211760,DK201024,0,1,EA,2010-01-22,9999-12-31,,,,SCH01220110,,568,568,00DH15ZZ
558,211760,DK201065,0,1,EA,2010-12-01,9999-12-31,40,Cap Tank & Gauge Fuel,,SCH01011210,,569,569,00DH15ZZ
559,211760,DK211007,0,1,EA,2010-12-01,9999-12-31,20,Seat Assembly & Seat Lock,,SCH01011210,,570,570,00DH15ZZ
560,211760,DL181010,0,4,EA,2010-12-01,9999-12-31,45,Head Lamp Fairing,,SCH01011210,,571,571,00DH15ZZ
561,211760,DL191014,0,1,EA,2010-12-01,9999-12-31,37,Handle Bar (Split Type),,SCH01011210,,572,572,00DH15ZZ
562,211760,DP161144,0,1,EA,2010-12-01,9999-12-31,47,Tail Lamp Assembly & Front & Rear Number,,SCH01011210,,573,573,00DH15ZZ
563,211760,DS101071,0,1,EA,2010-01-22,9999-12-31,,,,SCH01220110,,574,574,00DH15ZZ
564,211760,DS101084,0,4,EA,2010-12-01,9999-12-31,1,Cover Cylinder Head,,SCH01011210,,575,575,00DH15ZZ
565,211760,DS101096,0,1,EA,2010-12-01,9999-12-31,1,Cover Cylinder Head,,SCH01011210,,576,576,00DH15ZZ
566,211760,DS101154,0,1,EA,2010-12-01,9999-12-31,6,Crankshaft,,SCH01011210,,577,577,00DH15ZZ
567,211760,DS101166,0,1,EA,2010-12-01,9999-12-31,1,Cover Cylinder Head,,SCH01011210,,578,578,00DH15ZZ
568,211760,DS101201,0,1,EA,2010-12-01,9999-12-31,13,Cover RH,,SCH01011210,,579,579,00DH15ZZ
569,211760,DS101215,0,1,EA,2010-12-01,9999-12-31,13,Cover RH,,SCH01011210,,580,580,00DH15ZZ
570,211760,DS101263,0,1,EA,2010-01-22,9999-12-31,,,,SCH01220110,,582,582,00DH15ZZ
571,211760,DS101275,0,1,EA,2010-12-01,9999-12-31,6,Crankshaft,,SCH01011210,,583,583,00DH15ZZ
572,211760,DS101276,0,1,EA,2010-12-01,9999-12-31,4,Camshaft & Tensioner,,SCH01011210,,584,584,00DH15ZZ
573,211760,DS101333,0,2,EA,2010-12-01,9999-12-31,3,Valve,,SCH01011210,,585,585,00DH15ZZ
574,211760,DS101335,0,1,EA,2010-12-01,9999-12-31,3,Valve,,SCH01011210,,586,586,00DH15ZZ
575,211760,DS101336,0,1,EA,2010-12-01,9999-12-31,3,Valve,,SCH01011210,,587,587,00DH15ZZ
576,211760,DS101353,0,10,EA,2010-12-01,9999-12-31,13,Cover RH,,SCH01011210,,588,588,00DH15ZZ
577,211760,DS101366,0,2,EA,2010-12-01,9999-12-31,3,Valve,,SCH01011210,,589,589,00DH15ZZ
578,211760,DS121116,0,1,EA,2010-01-22,9999-12-31,,,,SCH01220110,,590,590,00DH15ZZ
579,211760,DS121117,0,1,EA,2010-01-22,9999-12-31,,,,SCH01220110,,591,591,00DH15ZZ
580,211760,DS151049,0,1,EA,2010-12-01,9999-12-31,31,"Tube , Tyre & Rim",,SCH01011210,,592,592,00DH15ZZ
581,211760,DS151058,0,1,EA,2010-12-01,9999-12-31,32,Front Hub,,SCH01011210,,593,593,00DH15ZZ
582,211760,DS151068,0,1,EA,2010-12-01,9999-12-31,35,Rear Hub,,SCH01011210,,594,594,00DH15ZZ
583,211760,DS151073,0,6,EA,2010-12-01,9999-12-31,35,Rear Hub,,SCH01011210,,595,595,00DH15ZZ
584,211760,DS151074,0,3,EA,2010-12-01,9999-12-31,35,Rear Hub,,SCH01011210,,596,596,00DH15ZZ
585,211760,DS161125,0,1,EA,2010-12-01,9999-12-31,29,Mudguard - Front & Rear,,SCH01011210,,597,597,00DH15ZZ
586,211760,DS161224,0,1,EA,2010-01-22,9999-12-31,,,,SCH01220110,,598,598,00DH15ZZ
587,211760,DS181070,0,1,EA,2010-01-22,9999-12-31,,,,SCH01220110,,599,599,00DH15ZZ
588,211760,DS181071,0,2,EA,2010-12-01,9999-12-31,38,Front Fork,,SCH01011210,,600,600,00DH15ZZ
589,211760,DS181085,0,2,EA,2010-12-01,9999-12-31,38,Front Fork,,SCH01011210,,601,601,00DH15ZZ
590,211760,DS191052,0,1,EA,2010-12-01,9999-12-31,37,Handle Bar (Split Type),,SCH01011210,,602,602,00DH15ZZ
591,211760,DS211005,0,1,EA,2010-01-22,9999-12-31,,,,SCH01220110,,603,603,00DH15ZZ
592,211760,DV101042,0,1,EA,2010-12-01,9999-12-31,14,Cover Magneto,,SCH01011210,,604,604,00DH15ZZ
593,211760,GH201012,0,4,EA,2010-12-01,9999-12-31,46,Indicator Light Assebmly,,SCH01011210,,605,605,00DH15ZZ
594,211760,JA511028,0,1,EA,2010-01-22,9999-12-31,,,,SCH01220110,,606,606,00DH15ZZ
595,211760,JB401402,0,1,EA,2010-12-01,9999-12-31,37,Handle Bar (Single Tube Type),,SCH01011210,,607,607,00DH15ZZ
596,211760,JC101034,0,1,EA,2010-12-01,9999-12-31,4,Camshaft & Tensioner,,SCH01011210,,608,608,00DH15ZZ
597,211760,JC101035,0,1,EA,2010-12-01,9999-12-31,4,Camshaft & Tensioner,,SCH01011210,,609,609,00DH15ZZ
598,211760,JC101085,0,1,EA,2010-01-22,9999-12-31,,,,SCH01220110,,610,610,00DH15ZZ
599,211760,JC101086,0,1,EA,2010-01-22,9999-12-31,,,,SCH01220110,,611,611,00DH15ZZ
600,211760,JC101112,0,1,EA,2010-01-22,9999-12-31,,,,SCH01220110,,612,612,00DH15ZZ
601,211760,JC101114,0,1,EA,2010-12-01,9999-12-31,23,Starter Assembly (For Self Start),,SCH01011210,,613,613,00DH15ZZ
602,211760,JC101115,0,1,EA,2010-12-01,9999-12-31,23,Starter Assembly (For Self Start),,SCH01011210,,614,614,00DH15ZZ
603,211760,JC141011,0,1,EA,2010-01-22,9999-12-31,,,,SCH01220110,,615,615,00DH15ZZ
604,211760,JC141015,0,2,EA,2010-12-01,9999-12-31,41,"Fittings Petrol Tank, Side Cvoer & Cover",,SCH01011210,,616,616,00DH15ZZ
605,211760,JC141016,0,2,EA,2010-12-01,9999-12-31,41,"Fittings Petrol Tank, Side Cvoer & Cover",,SCH01011210,,617,617,00DH15ZZ
606,211760,JC141017,0,2,EA,2010-12-01,9999-12-31,41,"Fittings Petrol Tank, Side Cvoer & Cover",,SCH01011210,,618,618,00DH15ZZ
607,211760,JC141028,0,1,EA,2010-01-22,9999-12-31,,,,SCH01220110,,619,619,00DH15ZZ
608,211760,JC141037,0,1,EA,2010-01-22,9999-12-31,,,,SCH01220110,,620,620,00DH15ZZ
609,211760,JC141038,0,1,EA,2010-01-22,9999-12-31,,,,SCH01220110,,621,621,00DH15ZZ
610,211760,JC141039,0,1,EA,2010-01-22,9999-12-31,,,,SCH01220110,,622,622,00DH15ZZ
611,211760,JC141040,0,1,EA,2010-01-22,9999-12-31,,,,SCH01220110,,623,623,00DH15ZZ
612,211760,JC201016,0,1,EA,2010-12-01,9999-12-31,48,Electrical Equipments,,SCH01011210,,624,624,00DH15ZZ
613,211760,JC201017,0,1,EA,2010-12-01,9999-12-31,37,Handle Bar (Single Tube Type),,SCH01011210,,625,625,00DH15ZZ
614,211760,JC201018,0,1,EA,2010-12-01,9999-12-31,37,Handle Bar (Single Tube Type),,SCH01011210,,626,626,00DH15ZZ
615,211760,JC201039,0,1,EA,2010-12-01,9999-12-31,30,Stand Assembly,,SCH01011210,,627,627,00DH15ZZ
616,211760,JE541008,0,1,EA,2010-01-22,9999-12-31,,,,SCH01220110,,628,628,00DH15ZZ
617,211760,JM100045,0,1,EA,2010-01-22,9999-12-31,,,,SCH01220110,,629,629,00DH15ZZ
618,211760,JN131603,0,1,EA,2010-12-01,9999-12-31,32,Front Hub,,SCH01011210,,630,630,00DH15ZZ
619,211760,JW171007,0,2,EA,2010-12-01,9999-12-31,41,"Fittings Petrol Tank, Side Cvoer & Cover",,SCH01011210,,631,631,00DH15ZZ
620,211760,JW401011,0,1,EA,2010-12-01,9999-12-31,47,Tail Lamp Assembly & Front & Rear Number,,SCH01011210,,632,632,00DH15ZZ
621,211760,LAD00011,0,1,EA,2010-01-22,9999-12-31,,,,SCH01220110,,633,633,00DH15ZZ
622,211760,LAD00017,0,1,EA,2010-01-22,9999-12-31,,,,SCH01220110,,634,634,00DH15ZZ
623,211760,LAD00020,0,1,EA,2010-01-22,9999-12-31,,,,SCH01220110,,635,635,00DH15ZZ
624,211760,LAD00021,0,1,EA,2010-01-22,9999-12-31,,,,SCH01220110,,636,636,00DH15ZZ
625,211760,LAD00026,0,1,EA,2010-01-22,9999-12-31,,,,SCH01220110,,637,637,00DH15ZZ
626,211760,LCA00001,0,1,EA,2010-01-22,9999-12-31,,,,SCH01220110,,638,638,00DH15ZZ
627,211760,LDB00001,0,1,EA,2010-01-22,9999-12-31,,,,SCH01220110,,639,639,00DH15ZZ
628,211760,LDB00002,0,1,EA,2010-01-22,9999-12-31,,,,SCH01220110,,640,640,00DH15ZZ
629,211760,AA121045,0,1,EA,2010-12-01,9999-12-31,18,Air Cleaner Complete,,SCH01011210,,641,641,00DH15ZZ
630,211760,DH102013,0,1,EA,2010-05-07,9999-12-31,,,,SCH01070510,,642,642,00DH15ZZ
631,211760,DH102015,0,1,EA,2010-05-07,9999-12-31,,,,SCH01070510,,643,644,00DH15ZZ
632,211760,DH102022,0,1,EA,2010-05-05,9999-12-31,,,,SCH01050510,,644,645,00DH15ZZ
633,211760,DK181079,0,1,EA,2010-12-01,9999-12-31,,,,SCH01011210,,645,647,00DH15ZZ
634,211760,DH102029,0,1,EA,2010-12-01,9999-12-31,13,Cover RH,,SCH01011210,,646,649,00DH15ZZ
635,211760,DK101738,0,1,EA,2010-12-01,9999-12-31,13,Cover RH,,SCH01011210,,647,650,00DH15ZZ
636,211760,JE541212,0,1,EA,2010-12-01,9999-12-31,14,Cover Magneto,,SCH01011210,,648,651,00DH15ZZ
637,211760,JG131219,0,1,EA,2011-05-16,9999-12-31,,,,SCH01160511,,649,652,00DH15ZZ
638,211760,DH102067,0,1,EA,2012-08-14,9999-12-31,,,,Z0CH01140812,,650,1111,00DH15ZZ
639,211760,39194104,0,1,EA,2012-10-05,9999-12-31,,,,Z0CH01051012,,651,1112,00DH15ZZ
640,211760,71111533,0,1,EA,2013-01-27,9999-12-31,,,,Z0CH01270113,,652,1113,00DH15ZZ
641,211760,DJ221019,0,1,EA,2013-01-27,9999-12-31,,,,Z0CH01270113,,653,1114,00DH15ZZ
642,211760,DS161187,0,4,EA,2013-01-27,9999-12-31,,,,Z0CH01270113,,654,1115,00DH15ZZ
643,211760,DK101732,0,1,EA,2012-12-01,9999-12-31,,,,Z0CH01011212,,658,1116,00DH15ZZ
644,211760,DH201082,0,1,EA,2012-12-05,9999-12-31,,,,Z0CH01051212,,659,1118,00DH15ZZ
645,211760,LDA00012,0,1,EA,2013-03-13,9999-12-31,,,,Z0CH01130313,,660,1119,00DH15ZZ
646,211760,39058915,0,1,EA,2011-04-17,9999-12-31,,,,SCH01170411,,661,1120,00DH15ZZ
647,211760,39128215,0,1,EA,2010-12-01,9999-12-31,,,,CKNDEC10,,662,1121,00DH15ZZ
648,211760,39218304,0,1,EA,2010-12-01,9999-12-31,,,,CKNDEC10,,663,1122,00DH15ZZ
649,211760,52DH0278,0,1,EA,2010-12-01,9999-12-31,,,,CKNDEC10,,664,1123,00DH15ZZ
650,211760,DH101067,0,1,EA,2010-12-01,9999-12-31,,,,CKNDEC10,,665,1124,00DH15ZZ
651,211760,DH102104,0,1,EA,2011-08-28,9999-12-31,,,,CH0128082011,,666,1125,00DH15ZZ
652,211760,DH201019,0,1,EA,2010-12-01,9999-12-31,,,,CKNDEC10,,667,1126,00DH15ZZ
653,211760,DH201021,0,1,EA,2010-12-01,9999-12-31,,,,CKNDEC10,,668,1127,00DH15ZZ
654,211760,DK161087,0,1,EA,2010-12-01,9999-12-31,,,,CKNDEC10,,669,1128,00DH15ZZ
655,211760,DK161088,0,1,EA,2010-12-01,9999-12-31,,,,CKNDEC10,,670,1129,00DH15ZZ
656,211760,DK181044,0,1,EA,2010-12-01,9999-12-31,,,,CKNDEC10,,671,1130,00DH15ZZ
