Part No,UPC
24171136,UPCC0001
24171063,UPCC0002
24171137,UPCC0003
24171094,UPCC0004
AP171003,UPCC0005
24151268,UPCC0006
AE101019,UPCC0007
24151058,UPCC0008
24130105,UPCC0009
24191072,UPCC0010
24191075,UPCC0011
24101629,UPCC0012
24171118,UPCC0013
24201277,UPCC0014
24151110,UPCC0015
AE121006,UPCC0016
24101557,UPCC0017
24101054,UPCC0018
AP151019,UPCC0019
AP121025,UPCC0020
24160913,UPCC0021
24131072,UPCC0022
52AB0098,UPCC0023
52210040,UPCC0024
22151106,UPCC0025
AB201072,UPCC0026
24171136,UPCC0027
24171063,UPCC0028
24171137,UPCC0029
24171094,UPCC0030
AP171003,UPCC0031
24151268,UPCC0032
AE101019,UPCC0033
24151058,UPCC0034
24130105,UPCC0035
24191072,UPCC0036
24191075,UPCC0037
24101629,UPCC0038
24171118,UPCC0039
24201277,UPCC0040
24151110,UPCC0041
AE121006,UPCC0042
24101557,UPCC0043
24101054,UPCC0044
AP151019,UPCC0045
AP121025,UPCC0046
24160913,UPCC0047
24131072,UPCC0048
52AB0098,UPCC0049
52210040,UPCC0050
22151106,UPCC0051
AB201072,UPCC0052
24171136,UPCC0053
24171063,UPCC0054
24171137,UPCC0055
24171094,UPCC0056
AP171003,UPCC0057
24151268,UPCC0058
AE101019,UPCC0059
24151058,UPCC0060
24130105,UPCC0061
24191072,UPCC0062
24191075,UPCC0063
24101629,UPCC0064
24171118,UPCC0065
24201277,UPCC0066
24151110,UPCC0067
AE121006,UPCC0068
24101557,UPCC0069
24101054,UPCC0070
AP151019,UPCC0071
AP121025,UPCC0072
24160913,UPCC0073
24131072,UPCC0074
52AB0098,UPCC0075
52210040,UPCC0076
22151106,UPCC0077
AB201072,UPCC0078
24171136,UPCC0079
24171063,UPCC0080
24171137,UPCC0081
24171094,UPCC0082
AP171003,UPCC0083
24151268,UPCC0084
AE101019,UPCC0085
24151058,UPCC0086
24130105,UPCC0087
24191072,UPCC0088
24191075,UPCC0089
24101629,UPCC0090
24171118,UPCC0091
24201277,UPCC0092
24151110,UPCC0093
AE121006,UPCC0094
24101557,UPCC0095
24101054,UPCC0096
AP151019,UPCC0097
AP121025,UPCC0098
24160913,UPCC0099
24131072,UPCC0100
52AB0098,UPCC0101
52210040,UPCC0102
22151106,UPCC0103
AB201072,UPCC0104
24171136,UPCC0105
24171063,UPCC0106
24171137,UPCC0107
24171094,UPCC0108
AP171003,UPCC0109
24151268,UPCC0110
AE101019,UPCC0111
24151058,UPCC0112
24130105,UPCC0113
24191072,UPCC0114
24191075,UPCC0115
24101629,UPCC0116
24171118,UPCC0117
24201277,UPCC0118
24151110,UPCC0119
AE121006,UPCC0120
24101557,UPCC0121
24101054,UPCC0122
AP151019,UPCC0123
AP121025,UPCC0124
24160913,UPCC0125
24131072,UPCC0126
52AB0098,UPCC0127
52210040,UPCC0128
22151106,UPCC0129
AB201072,UPCC0130
24171136,UPCC0131
24171063,UPCC0132
24171137,UPCC0133
24171094,UPCC0134
AP171003,UPCC0135
24151268,UPCC0136
AE101019,UPCC0137
24151058,UPCC0138
24130105,UPCC0139
24191072,UPCC0140
24191075,UPCC0141
24101629,UPCC0142
24171118,UPCC0143
24201277,UPCC0144
24151110,UPCC0145
AE121006,UPCC0146
24101557,UPCC0147
24101054,UPCC0148
AP151019,UPCC0149
AP121025,UPCC0150
24160913,UPCC0151
24131072,UPCC0152
52AB0098,UPCC0153
52210040,UPCC0154
22151106,UPCC0155
AB201072,UPCC0156
24171136,UPCC0157
24171063,UPCC0158
24171137,UPCC0159
24171094,UPCC0160
AP171003,UPCC0161
24151268,UPCC0162
AE101019,UPCC0163
24151058,UPCC0164
24130105,UPCC0165
24191072,UPCC0166
24191075,UPCC0167
24101629,UPCC0168
24171118,UPCC0169
24201277,UPCC0170
24151110,UPCC0171
AE121006,UPCC0172
24101557,UPCC0173
24101054,UPCC0174
AP151019,UPCC0175
AP121025,UPCC0176
24160913,UPCC0177
24131072,UPCC0178
52AB0098,UPCC0179
52210040,UPCC0180
22151106,UPCC0181
AB201072,UPCC0182
24171136,UPCC0183
24171063,UPCC0184
24171137,UPCC0185
24171094,UPCC0186
AP171003,UPCC0187
24151268,UPCC0188
AE101019,UPCC0189
24151058,UPCC0190
24130105,UPCC0191
24191072,UPCC0192
24191075,UPCC0193
24101629,UPCC0194
24171118,UPCC0195
24201277,UPCC0196
24151110,UPCC0197
AE121006,UPCC0198
24101557,UPCC0199
24101054,UPCC0200
AP151019,UPCC0201
AP121025,UPCC0202
24160913,UPCC0203
24131072,UPCC0204
52AB0098,UPCC0205
52210040,UPCC0206
22151106,UPCC0207
AB201072,UPCC0208
AL171031,UPCM0001
BA171009,UPCM0002
36BB0012,UPCM0003
BB191031,UPCM0004
BA102150,UPCM0005
AL121062,UPCM0006
BA132007,UPCM0007
BA122192,UPCM0008
BH161204,UPCM0009
BA102113,UPCM0010
BA191027,UPCM0011
AL191035,UPCM0012
BH161224,UPCM0013
AL191011,UPCM0014
BA102014,UPCM0015
BA102017,UPCM0016
AL201061,UPCM0017
AL171010,UPCM0018
AL191001,UPCM0019
AL191003,UPCM0020
AL191033,UPCM0021
BA191012,UPCM0022
BA191059,UPCM0023
BG551411,UPCM0024
BB151031,UPCM0025
BA111023,UPCM0026
BA132211,UPCM0027
36AL0003,UPCM0028
AL121060,UPCM0029
BB133095,UPCM0030
AL131113,UPCM0031
BB101092,UPCM0032
BB101095,UPCM0033
AL171068,UPCM0034
AL201038,UPCM0035
AL201034,UPCM0036
AL131031,UPCM0037
BA102088,UPCM0038
52BA0147,UPCM0039
AL171031,UPCM0040
BA171009,UPCM0041
36BB0012,UPCM0042
BB191031,UPCM0043
BA102150,UPCM0044
AL121062,UPCM0045
BA132007,UPCM0046
BA122192,UPCM0047
BH161204,UPCM0048
BA102113,UPCM0049
BA191027,UPCM0050
AL191035,UPCM0051
BH161224,UPCM0052
AL191011,UPCM0053
BA102014,UPCM0054
BA102017,UPCM0055
AL201061,UPCM0056
AL171010,UPCM0057
AL191001,UPCM0058
AL191003,UPCM0059
AL191033,UPCM0060
BA191012,UPCM0061
BA191059,UPCM0062
BG551411,UPCM0063
BB151031,UPCM0064
BA111023,UPCM0065
BA132211,UPCM0066
36AL0003,UPCM0067
AL121060,UPCM0068
BB133095,UPCM0069
AL131113,UPCM0070
BB101092,UPCM0071
BB101095,UPCM0072
AL171068,UPCM0073
AL201038,UPCM0074
AL201034,UPCM0075
AL131031,UPCM0076
BA102088,UPCM0077
52BA0147,UPCM0078
AL171031,UPCM0079
BA171009,UPCM0080
36BB0012,UPCM0081
BB191031,UPCM0082
BA102150,UPCM0083
AL121062,UPCM0084
BA132007,UPCM0085
BA122192,UPCM0086
BH161204,UPCM0087
BA102113,UPCM0088
BA191027,UPCM0089
AL191035,UPCM0090
BH161224,UPCM0091
AL191011,UPCM0092
BA102014,UPCM0093
BA102017,UPCM0094
AL201061,UPCM0095
AL171010,UPCM0096
AL191001,UPCM0097
AL191003,UPCM0098
AL191033,UPCM0099
BA191012,UPCM0100
BA191059,UPCM0101
BG551411,UPCM0102
BB151031,UPCM0103
BA111023,UPCM0104
BA132211,UPCM0105
36AL0003,UPCM0106
AL121060,UPCM0107
BB133095,UPCM0108
AL131113,UPCM0109
BB101092,UPCM0110
BB101095,UPCM0111
AL171068,UPCM0112
AL201038,UPCM0113
AL201034,UPCM0114
AL131031,UPCM0115
BA102088,UPCM0116
52BA0147,UPCM0117
AL171031,UPCM0118
BA171009,UPCM0119
36BB0012,UPCM0120
BB191031,UPCM0121
BA102150,UPCM0122
AL121062,UPCM0123
BA132007,UPCM0124
BA122192,UPCM0125
BH161204,UPCM0126
BA102113,UPCM0127
BA191027,UPCM0128
AL191035,UPCM0129
BH161224,UPCM0130
AL191011,UPCM0131
BA102014,UPCM0132
BA102017,UPCM0133
AL201061,UPCM0134
AL171010,UPCM0135
AL191001,UPCM0136
AL191003,UPCM0137
AL191033,UPCM0138
BA191012,UPCM0139
BA191059,UPCM0140
BG551411,UPCM0141
BB151031,UPCM0142
BA111023,UPCM0143
BA132211,UPCM0144
36AL0003,UPCM0145
AL121060,UPCM0146
BB133095,UPCM0147
AL131113,UPCM0148
BB101092,UPCM0149
BB101095,UPCM0150
AL171068,UPCM0151
AL201038,UPCM0152
AL201034,UPCM0153
AL131031,UPCM0154
BA102088,UPCM0155
52BA0147,UPCM0156
AL171031,UPCM0157
BA171009,UPCM0158
36BB0012,UPCM0159
BB191031,UPCM0160
BA102150,UPCM0161
AL121062,UPCM0162
BA132007,UPCM0163
BA122192,UPCM0164
BH161204,UPCM0165
BA102113,UPCM0166
BA191027,UPCM0167
AL191035,UPCM0168
BH161224,UPCM0169
AL191011,UPCM0170
BA102014,UPCM0171
BA102017,UPCM0172
AL201061,UPCM0173
AL171010,UPCM0174
AL191001,UPCM0175
AL191003,UPCM0176
AL191033,UPCM0177
BA191012,UPCM0178
BA191059,UPCM0179
BG551411,UPCM0180
BB151031,UPCM0181
BA111023,UPCM0182
BA132211,UPCM0183
36AL0003,UPCM0184
AL121060,UPCM0185
BB133095,UPCM0186
AL131113,UPCM0187
BB101092,UPCM0188
BB101095,UPCM0189
AL171068,UPCM0190
AL201038,UPCM0191
AL201034,UPCM0192
AL131031,UPCM0193
BA102088,UPCM0194
52BA0147,UPCM0195
