id,bom_number,part_number,revision_number,quantity,uom,valid_from,valid_to,plate_id,plate_txt,serial_number,change_number,change_number_to,item,item_id
1263,248248,1100342,0,1,EA,2013-04-08,9999-12-31,,,,SWA10080413,,1,1
1264,248248,1110609,0,1,EA,2013-04-08,2013-04-08,,,,SWA10080413,,2,2
1265,248248,1160509,0,1,EA,2013-04-08,9999-12-31,,,,SWA10080413,,3,3
1266,248248,1160717,0,1,EA,2013-04-08,9999-12-31,,,,SWA10080413,,4,4
1267,248248,1180123,0,1,EA,2013-04-08,9999-12-31,,,,SWA10080413,,5,5
1268,248248,1190115,0,1,EA,2013-04-08,9999-12-31,,,,SWA10080413,,6,6
1269,248248,1200213,0,1,EA,2013-04-08,9999-12-31,,,,SWA10080413,,7,7
1270,248248,3100718,0,1,EA,2013-04-08,9999-12-31,,,,SWA10080413,,8,8
1271,248248,3150207,0,1,EA,2013-04-08,9999-12-31,,,,SWA10080413,,9,9
1272,248248,3190204,0,1,EA,2013-04-08,9999-12-31,,,,SWA10080413,,10,10
1273,248248,5101051,0,1,EA,2013-04-08,9999-12-31,,,,SWA10080413,,11,11
1274,248248,6191089,0,1,EA,2013-04-08,9999-12-31,,,,SWA10080413,,12,12
1275,248248,6201083,0,1,EA,2013-04-08,9999-12-31,,,,SWA10080413,,13,13
1276,248248,15101011,0,1,EA,2013-04-08,9999-12-31,,,,SWA10080413,,14,14
1277,248248,19101016,0,1,EA,2013-04-08,9999-12-31,,,,SWA10080413,,15,15
1278,248248,19101017,0,1,EA,2013-04-08,9999-12-31,,,,SWA10080413,,16,16
1279,248248,19101018,0,1,EA,2013-04-08,9999-12-31,,,,SWA10080413,,17,17
1280,248248,19101019,0,1,EA,2013-04-08,9999-12-31,,,,SWA10080413,,18,18
1281,248248,19101020,0,1,EA,2013-04-08,9999-12-31,,,,SWA10080413,,19,19
1282,248248,20101020,0,1,EA,2013-04-08,9999-12-31,,,,SWA10080413,,20,20
1283,248248,21150307,0,1,EA,2013-04-08,9999-12-31,,,,SWA10080413,,21,21
1284,248248,21150422,0,1,EA,2013-04-08,9999-12-31,,,,SWA10080413,,22,22
1285,248248,21180207,0,1,EA,2013-04-08,9999-12-31,,,,SWA10080413,,23,23
1286,248248,21180307,0,1,EA,2013-04-08,9999-12-31,,,,SWA10080413,,24,24
1287,248248,21180308,0,1,EA,2013-04-08,9999-12-31,,,,SWA10080413,,25,25
1288,248248,22131014,0,1,EA,2013-04-08,9999-12-31,,,,SWA10080413,,26,26
1289,248248,22150507,0,1,EA,2013-04-08,2013-04-08,,,,SWA10080413,,27,27
1290,248248,22151046,0,1,EA,2013-04-08,9999-12-31,,,,SWA10080413,,28,28
1291,248248,22151068,0,1,EA,2013-04-08,9999-12-31,,,,SWA10080413,,29,29
1292,248248,22151106,0,1,EA,2013-04-08,9999-12-31,,,,SWA10080413,,30,30
1293,248248,22161221,0,1,EA,2013-04-08,9999-12-31,,,,SWA10080413,,31,31
1294,248248,22170115,0,1,EA,2013-04-08,9999-12-31,,,,SWA10080413,,32,32
1295,248248,22170118,0,1,EA,2013-04-08,9999-12-31,,,,SWA10080413,,33,33
1296,248248,22170434,0,1,EA,2013-04-08,9999-12-31,,,,SWA10080413,,34,34
1297,248248,22171007,0,1,EA,2013-04-08,9999-12-31,,,,SWA10080413,,35,35
1298,248248,22180219,0,1,EA,2013-04-08,9999-12-31,,,,SWA10080413,,36,36
1299,248248,22181058,0,1,EA,2013-04-08,9999-12-31,,,,SWA10080413,,37,37
1300,248248,22230635,0,1,EA,2013-04-08,9999-12-31,,,,SWA10080413,,38,38
1301,248248,22231155,0,1,EA,2013-04-08,9999-12-31,,,,SWA10080413,,39,39
1302,248248,22250132,0,1,EA,2013-04-08,9999-12-31,,,,SWA10080413,,40,40
1303,248248,24130111,0,1,EA,2013-04-08,9999-12-31,,,,SWA10080413,,41,41
1304,248248,24131032,0,1,EA,2013-04-08,9999-12-31,,,,SWA10080413,,42,42
1305,248248,24131074,0,1,EA,2013-04-08,9999-12-31,,,,SWA10080413,,43,43
1306,248248,24140115,0,1,EA,2013-04-08,2013-04-08,,,,SWA10080413,,44,44
1307,248248,24151059,0,1,EA,2013-04-08,2013-04-08,,,,SWA10080413,,45,45
1308,248248,24151060,0,1,EA,2013-04-08,2013-04-08,,,,SWA10080413,,46,46
1309,248248,24151061,0,1,EA,2013-04-08,2013-04-08,,,,SWA10080413,,47,47
1310,248248,24151067,0,1,EA,2013-04-08,2013-04-08,,,,SWA10080413,,48,48
1311,248248,24151068,0,1,EA,2013-04-08,2013-04-08,,,,SWA10080413,,49,49
1312,248248,24151109,0,1,EA,2013-04-08,9999-12-31,,,,SWA10080413,,50,50
1313,248248,24151110,0,1,EA,2013-04-08,2013-04-08,,,,SWA10080413,,51,51
1314,248248,24151163,0,1,EA,2013-04-08,9999-12-31,,,,SWA10080413,,52,52
1315,248248,24151164,0,1,EA,2013-04-08,9999-12-31,,,,SWA10080413,,53,53
1316,248248,24151168,0,1,EA,2013-04-08,9999-12-31,,,,SWA10080413,,54,54
1317,248248,24151174,0,1,EA,2013-04-08,9999-12-31,,,,SWA10080413,,55,55
1318,248248,24151175,0,1,EA,2013-04-08,9999-12-31,,,,SWA10080413,,56,56
1319,248248,24151178,0,1,EA,2013-04-08,9999-12-31,,,,SWA10080413,,57,57
1320,248248,24151179,0,1,EA,2013-04-08,9999-12-31,,,,SWA10080413,,58,58
1321,248248,24151220,0,1,EA,2013-04-08,2013-04-08,,,,SWA10080413,,59,59
1322,248248,24151221,0,1,EA,2013-04-08,9999-12-31,,,,SWA10080413,,60,60
1323,248248,24151228,0,1,EA,2013-04-08,9999-12-31,,,,SWA10080413,,61,61
1324,248248,24151232,0,1,EA,2013-04-08,9999-12-31,,,,SWA10080413,,62,62
1325,248248,24151234,0,1,EA,2013-04-08,9999-12-31,,,,SWA10080413,,63,63
1326,248248,24151238,0,1,EA,2013-04-08,9999-12-31,,,,SWA10080413,,64,64
1327,248248,24151243,0,1,EA,2013-04-08,9999-12-31,,,,SWA10080413,,65,65
1328,248248,24151244,0,1,EA,2013-04-08,9999-12-31,,,,SWA10080413,,66,66
1329,248248,24151245,0,1,EA,2013-04-08,9999-12-31,,,,SWA10080413,,67,67
1330,248248,24151247,0,1,EA,2013-04-08,9999-12-31,,,,SWA10080413,,68,68
1331,248248,24151255,0,1,EA,2013-04-08,9999-12-31,,,,SWA10080413,,69,69
1332,248248,24151256,0,1,EA,2013-04-08,9999-12-31,,,,SWA10080413,,70,70
1333,248248,24151257,0,1,EA,2013-04-08,9999-12-31,,,,SWA10080413,,71,71
1334,248248,24151258,0,1,EA,2013-04-08,9999-12-31,,,,SWA10080413,,72,72
1335,248248,24151265,0,1,EA,2013-04-08,9999-12-31,,,,SWA10080413,,73,73
1336,248248,24151266,0,1,EA,2013-04-08,9999-12-31,,,,SWA10080413,,74,74
1337,248248,24161176,0,1,EA,2013-04-08,2013-04-08,,,,SWA10080413,,75,75
1338,248248,24161355,0,1,EA,2013-04-08,2013-04-08,,,,SWA10080413,,76,76
1339,248248,24161368,0,1,EA,2013-04-08,9999-12-31,,,,SWA10080413,,77,77
1340,248248,24161371,0,1,EA,2013-04-08,9999-12-31,,,,SWA10080413,,78,78
1341,248248,24161373,0,1,EA,2013-04-08,9999-12-31,,,,SWA10080413,,79,79
1342,248248,24161443,0,1,EA,2013-04-08,9999-12-31,,,,SWA10080413,,80,80
1343,248248,24165116,0,1,EA,2013-04-08,9999-12-31,,,,SWA10080413,,81,81
1344,248248,24165117,0,1,EA,2013-04-08,9999-12-31,,,,SWA10080413,,82,82
1345,248248,24165132,0,1,EA,2013-04-08,9999-12-31,,,,SWA10080413,,83,83
1346,248248,24165137,0,1,EA,2013-04-08,9999-12-31,,,,SWA10080413,,84,84
1347,248248,24165214,0,1,EA,2013-04-08,9999-12-31,,,,SWA10080413,,85,85
1348,248248,24165215,0,1,EA,2013-04-08,2013-04-08,,,,SWA10080413,,86,86
1349,248248,24165230,0,1,EA,2013-04-08,9999-12-31,,,,SWA10080413,,87,87
1350,248248,24165234,0,1,EA,2013-04-08,9999-12-31,,,,SWA10080413,,88,88
1351,248248,24165272,0,1,EA,2013-04-08,9999-12-31,,,,SWA10080413,,89,89
1352,248248,24165273,0,1,EA,2013-04-08,9999-12-31,,,,SWA10080413,,90,90
1353,248248,24165274,0,1,EA,2013-04-08,9999-12-31,,,,SWA10080413,,91,91
1354,248248,24170425,0,1,EA,2013-04-08,9999-12-31,,,,SWA10080413,,92,92
1355,248248,24170507,0,1,EA,2013-04-08,9999-12-31,,,,SWA10080413,,93,93
1356,248248,24171014,0,1,EA,2013-04-08,9999-12-31,,,,SWA10080413,,94,94
1357,248248,24171024,0,1,EA,2013-04-08,9999-12-31,,,,SWA10080413,,95,95
1358,248248,24171066,0,1,EA,2013-04-08,9999-12-31,,,,SWA10080413,,96,96
1359,248248,24171075,0,1,EA,2013-04-08,9999-12-31,,,,SWA10080413,,97,97
1360,248248,24171117,0,1,EA,2013-04-08,9999-12-31,,,,SWA10080413,,98,98
1361,248248,24171118,0,1,EA,2013-04-08,9999-12-31,,,,SWA10080413,,99,99
1362,248248,24171129,0,1,EA,2013-04-08,9999-12-31,,,,SWA10080413,,100,100
1363,248248,24171138,0,1,EA,2013-04-08,9999-12-31,,,,SWA10080413,,101,101
1364,248248,24171175,0,1,EA,2013-04-08,9999-12-31,,,,SWA10080413,,102,102
1365,248248,24171179,0,1,EA,2013-04-08,9999-12-31,,,,SWA10080413,,103,103
1366,248248,24171180,0,1,EA,2013-04-08,9999-12-31,,,,SWA10080413,,104,104
1367,248248,24181033,0,1,EA,2013-04-08,9999-12-31,,,,SWA10080413,,105,105
1368,248248,24181034,0,1,EA,2013-04-08,9999-12-31,,,,SWA10080413,,106,106
1369,248248,24181046,0,1,EA,2013-04-08,9999-12-31,,,,SWA10080413,,107,107
1370,248248,24181047,0,1,EA,2013-04-08,9999-12-31,,,,SWA10080413,,108,108
1371,248248,24181147,0,1,EA,2013-04-08,9999-12-31,,,,SWA10080413,,109,109
1372,248248,24181153,0,1,EA,2013-04-08,9999-12-31,,,,SWA10080413,,110,110
1373,248248,24191098,0,1,EA,2013-04-08,9999-12-31,,,,SWA10080413,,111,111
1374,248248,24191101,0,1,EA,2013-04-08,9999-12-31,,,,SWA10080413,,112,112
1375,248248,24191120,0,1,EA,2013-04-08,9999-12-31,,,,SWA10080413,,113,113
1376,248248,24191180,0,1,EA,2013-04-08,2013-04-08,,,,SWA10080413,,114,114
1377,248248,24191184,0,1,EA,2013-04-08,9999-12-31,,,,SWA10080413,,115,115
1378,248248,24191185,0,1,EA,2013-04-08,9999-12-31,,,,SWA10080413,,116,116
1379,248248,24191187,0,1,EA,2013-04-08,9999-12-31,,,,SWA10080413,,117,117
1380,248248,24201472,0,1,EA,2013-04-08,9999-12-31,,,,SWA10080413,,118,118
1381,248248,24201473,0,1,EA,2013-04-08,9999-12-31,,,,SWA10080413,,119,119
1382,248248,24201482,0,1,EA,2013-04-08,9999-12-31,,,,SWA10080413,,120,120
1383,248248,24201485,0,1,EA,2013-04-08,9999-12-31,,,,SWA10080413,,121,121
1384,248248,24201486,0,1,EA,2013-04-08,9999-12-31,,,,SWA10080413,,122,122
1385,248248,24201487,0,1,EA,2013-04-08,2013-04-08,,,,SWA10080413,,123,123
1386,248248,24201488,0,1,EA,2013-04-08,2013-04-08,,,,SWA10080413,,124,124
1387,248248,24201499,0,1,EA,2013-04-08,9999-12-31,,,,SWA10080413,,125,125
1388,248248,24201515,0,1,EA,2013-04-08,9999-12-31,,,,SWA10080413,,126,126
1389,248248,24201523,0,1,EA,2013-04-08,9999-12-31,,,,SWA10080413,,127,127
1390,248248,24201524,0,1,EA,2013-04-08,9999-12-31,,,,SWA10080413,,128,128
1391,248248,24201526,0,1,EA,2013-04-08,9999-12-31,,,,SWA10080413,,129,129
1392,248248,24221022,0,1,EA,2013-04-08,9999-12-31,,,,SWA10080413,,130,130
1393,248248,24221024,0,1,EA,2013-04-08,9999-12-31,,,,SWA10080413,,131,131
1394,248248,24221026,0,1,EA,2013-04-08,9999-12-31,,,,SWA10080413,,132,132
1395,248248,24221028,0,1,EA,2013-04-08,9999-12-31,,,,SWA10080413,,133,133
1396,248248,24221031,0,1,EA,2013-04-08,9999-12-31,,,,SWA10080413,,134,134
1397,248248,24230185,0,1,EA,2013-04-08,9999-12-31,,,,SWA10080413,,135,135
1398,248248,24230198,0,1,EA,2013-04-08,9999-12-31,,,,SWA10080413,,136,136
1399,248248,24230401,0,1,EA,2013-04-08,2013-04-08,,,,SWA10080413,,137,137
1400,248248,24230413,0,1,EA,2013-04-08,9999-12-31,,,,SWA10080413,,138,138
1401,248248,24230417,0,1,EA,2013-04-08,9999-12-31,,,,SWA10080413,,139,139
1402,248248,24231090,0,1,EA,2013-04-08,9999-12-31,,,,SWA10080413,,140,140
1403,248248,24231091,0,1,EA,2013-04-08,9999-12-31,,,,SWA10080413,,141,141
1404,248248,24231146,0,1,EA,2013-04-08,9999-12-31,,,,SWA10080413,,142,142
1405,248248,24231157,0,1,EA,2013-04-08,9999-12-31,,,,SWA10080413,,143,143
1406,248248,24231245,0,1,EA,2013-04-08,9999-12-31,,,,SWA10080413,,144,144
1407,248248,24231336,0,1,EA,2013-04-08,2013-04-08,,,,SWA10080413,,145,145
1408,248248,24231421,0,1,EA,2013-04-08,9999-12-31,,,,SWA10080413,,146,146
1409,248248,24231473,0,1,EA,2013-04-08,2013-04-08,,,,SWA10080413,,147,147
1410,248248,24231476,0,1,EA,2013-04-08,9999-12-31,,,,SWA10080413,,148,148
1411,248248,24231499,0,1,EA,2013-04-08,9999-12-31,,,,SWA10080413,,149,149
1412,248248,24231615,0,1,EA,2013-04-08,9999-12-31,,,,SWA10080413,,150,150
1413,248248,24231616,0,1,EA,2013-04-08,9999-12-31,,,,SWA10080413,,151,151
1414,248248,24231620,0,1,EA,2013-04-08,9999-12-31,,,,SWA10080413,,152,152
1415,248248,24231628,0,1,EA,2013-04-08,2013-04-08,,,,SWA10080413,,153,153
1416,248248,24231630,0,1,EA,2013-04-08,2013-04-08,,,,SWA10080413,,154,154
1417,248248,24231641,0,1,EA,2013-04-08,9999-12-31,,,,SWA10080413,,155,155
1418,248248,24231647,0,1,EA,2013-04-08,9999-12-31,,,,SWA10080413,,156,156
1419,248248,24231661,0,1,EA,2013-04-08,9999-12-31,,,,SWA10080413,,157,157
1420,248248,24231662,0,1,EA,2013-04-08,9999-12-31,,,,SWA10080413,,158,158
1421,248248,24231713,0,1,EA,2013-04-08,9999-12-31,,,,SWA10080413,,159,159
1422,248248,24231736,0,1,EA,2013-04-08,9999-12-31,,,,SWA10080413,,160,160
1423,248248,24231737,0,1,EA,2013-04-08,9999-12-31,,,,SWA10080413,,161,161
1424,248248,24231742,0,1,EA,2013-04-08,9999-12-31,,,,SWA10080413,,162,162
1425,248248,24231748,0,1,EA,2013-04-08,2013-04-08,,,,SWA10080413,,163,163
1426,248248,24231749,0,1,EA,2013-04-08,9999-12-31,,,,SWA10080413,,164,164
1427,248248,24231750,0,1,EA,2013-04-08,9999-12-31,,,,SWA10080413,,165,165
1428,248248,24231758,0,1,EA,2013-04-08,9999-12-31,,,,SWA10080413,,166,166
1429,248248,25231064,0,1,EA,2013-04-08,9999-12-31,,,,SWA10080413,,167,167
1430,248248,30101185,0,1,EA,2013-04-08,2013-04-08,,,,SWA10080413,,168,168
1431,248248,30121004,0,1,EA,2013-04-08,9999-12-31,,,,SWA10080413,,169,169
1432,248248,30151065,0,1,EA,2013-04-08,9999-12-31,,,,SWA10080413,,170,170
1433,248248,30201073,0,1,EA,2013-04-08,2013-04-08,,,,SWA10080413,,171,171
1434,248248,33141007,0,1,EA,2013-04-08,2013-04-08,,,,SWA10080413,,172,172
1435,248248,33141008,0,1,EA,2013-04-08,9999-12-31,,,,SWA10080413,,173,173
1436,248248,39007104,0,1,EA,2013-04-08,9999-12-31,,,,SWA10080413,,174,174
1437,248248,39011904,0,1,EA,2013-04-08,9999-12-31,,,,SWA10080413,,175,175
1438,248248,39014608,0,1,EA,2013-04-08,9999-12-31,,,,SWA10080413,,176,176
1439,248248,39014708,0,1,EA,2013-04-08,9999-12-31,,,,SWA10080413,,177,177
1440,248248,39015608,0,1,EA,2013-04-08,9999-12-31,,,,SWA10080413,,178,178
1441,248248,39019210,0,1,EA,2013-04-08,9999-12-31,,,,SWA10080413,,179,179
1442,248248,39019711,0,1,EA,2013-04-08,2013-04-08,,,,SWA10080413,,180,180
1443,248248,39019811,0,1,EA,2013-04-08,2013-04-08,,,,SWA10080413,,181,181
1444,248248,39020011,0,1,EA,2013-04-08,9999-12-31,,,,SWA10080413,,182,182
1445,248248,39020111,0,1,EA,2013-04-08,2013-04-08,,,,SWA10080413,,183,183
1446,248248,39020811,0,1,EA,2013-04-08,9999-12-31,,,,SWA10080413,,184,184
1447,248248,39021111,0,1,EA,2013-04-08,9999-12-31,,,,SWA10080413,,185,185
1448,248248,39021911,0,1,EA,2013-04-08,9999-12-31,,,,SWA10080413,,186,186
1449,248248,39023011,0,1,EA,2013-04-08,9999-12-31,,,,SWA10080413,,187,187
1450,248248,39023911,0,1,EA,2013-04-08,2013-04-08,,,,SWA10080413,,188,188
1451,248248,39024811,0,1,EA,2013-04-08,2013-04-08,,,,SWA10080413,,189,189
1452,248248,39025811,0,1,EA,2013-04-08,9999-12-31,,,,SWA10080413,,190,190
1453,248248,39026212,0,1,EA,2013-04-08,9999-12-31,,,,SWA10080413,,191,191
1454,248248,39026312,0,1,EA,2013-04-08,9999-12-31,,,,SWA10080413,,192,192
1455,248248,39026412,0,1,EA,2013-04-08,9999-12-31,,,,SWA10080413,,193,193
1456,248248,39026512,0,1,EA,2013-04-08,2013-04-08,,,,SWA10080413,,194,194
1457,248248,39026912,0,1,EA,2013-04-08,9999-12-31,,,,SWA10080413,,195,195
1458,248248,39028715,0,1,EA,2013-04-08,2013-04-08,,,,SWA10080413,,196,196
1459,248248,39029115,0,1,EA,2013-04-08,2013-04-08,,,,SWA10080413,,197,197
1460,248248,39029515,0,1,EA,2013-04-08,9999-12-31,,,,SWA10080413,,198,198
1461,248248,39029615,0,1,EA,2013-04-08,9999-12-31,,,,SWA10080413,,199,199
1462,248248,39030215,0,1,EA,2013-04-08,9999-12-31,,,,SWA10080413,,200,200
1463,248248,39030315,0,1,EA,2013-04-08,2013-04-08,,,,SWA10080413,,201,201
1464,248248,39031215,0,1,EA,2013-04-08,9999-12-31,,,,SWA10080413,,202,202
1465,248248,39032615,0,1,EA,2013-04-08,9999-12-31,,,,SWA10080413,,203,203
1466,248248,39034217,0,1,EA,2013-04-08,9999-12-31,,,,SWA10080413,,204,204
1467,248248,39037118,0,1,KG,2013-04-08,9999-12-31,,,,SWA10080413,,205,205
1468,248248,39037216,0,1,EA,2013-04-08,9999-12-31,,,,SWA10080413,,206,206
1469,248248,39037511,0,1,EA,2013-04-08,9999-12-31,,,,SWA10080413,,207,207
1470,248248,39039004,0,1,EA,2013-04-08,2013-04-08,,,,SWA10080413,,208,208
1471,248248,39042606,0,1,EA,2013-04-08,9999-12-31,,,,SWA10080413,,209,209
1472,248248,39043501,0,1,EA,2013-04-08,9999-12-31,,,,SWA10080413,,210,210
1473,248248,39045411,0,1,EA,2013-04-08,2013-04-08,,,,SWA10080413,,211,211
1474,248248,39046715,0,1,EA,2013-04-08,2013-04-08,,,,SWA10080413,,212,212
1475,248248,39054311,0,1,EA,2013-04-08,2013-04-08,,,,SWA10080413,,213,213
1476,248248,39058915,0,1,EA,2013-04-08,9999-12-31,,,,SWA10080413,,214,214
1477,248248,39059015,0,1,EA,2013-04-08,9999-12-31,,,,SWA10080413,,215,215
1478,248248,39069415,0,1,EA,2013-04-08,9999-12-31,,,,SWA10080413,,216,216
1479,248248,39073817,0,1,EA,2013-04-08,9999-12-31,,,,SWA10080413,,217,217
1480,248248,39075801,0,1,EA,2013-04-08,2013-04-08,,,,SWA10080413,,218,218
1481,248248,39076101,0,1,EA,2013-04-08,9999-12-31,,,,SWA10080413,,219,219
1482,248248,39078912,0,1,EA,2013-04-08,9999-12-31,,,,SWA10080413,,220,220
1483,248248,39079012,0,1,EA,2013-04-08,9999-12-31,,,,SWA10080413,,221,221
1484,248248,39079415,0,1,EA,2013-04-08,9999-12-31,,,,SWA10080413,,222,222
1485,248248,39079815,0,1,EA,2013-04-08,9999-12-31,,,,SWA10080413,,223,223
1486,248248,39080204,0,1,EA,2013-04-08,9999-12-31,,,,SWA10080413,,224,224
1487,248248,39080304,0,1,EA,2013-04-08,9999-12-31,,,,SWA10080413,,225,225
1488,248248,39080411,0,1,EA,2013-04-08,2013-04-08,,,,SWA10080413,,226,226
1489,248248,39081715,0,1,EA,2013-04-08,2013-04-08,,,,SWA10080413,,227,227
1490,248248,39083415,0,1,EA,2013-04-08,2013-04-08,,,,SWA10080413,,228,228
1491,248248,39084001,0,1,EA,2013-04-08,9999-12-31,,,,SWA10080413,,229,229
1492,248248,39090012,0,1,EA,2013-04-08,9999-12-31,,,,SWA10080413,,230,230
1493,248248,39092101,0,1,EA,2013-04-08,9999-12-31,,,,SWA10080413,,231,231
1494,248248,39095615,0,1,EA,2013-04-08,9999-12-31,,,,SWA10080413,,232,232
1495,248248,39099206,0,1,EA,2013-04-08,9999-12-31,,,,SWA10080413,,233,233
1496,248248,39101321,0,1,EA,2013-04-08,9999-12-31,,,,SWA10080413,,234,234
1497,248248,39104619,0,1,EA,2013-04-08,9999-12-31,,,,SWA10080413,,235,235
1498,248248,39105411,0,1,EA,2013-04-08,2013-04-08,,,,SWA10080413,,236,236
1499,248248,39106204,0,1,EA,2013-04-08,2013-04-08,,,,SWA10080413,,237,237
1500,248248,39106504,0,1,EA,2013-04-08,2013-04-08,,,,SWA10080413,,238,238
1501,248248,39106901,0,1,EA,2013-04-08,9999-12-31,,,,SWA10080413,,239,239
1502,248248,39107001,0,1,EA,2013-04-08,9999-12-31,,,,SWA10080413,,240,240
1503,248248,39113209,0,1,EA,2013-04-08,9999-12-31,,,,SWA10080413,,241,241
1504,248248,39115902,0,1,EA,2013-04-08,9999-12-31,,,,SWA10080413,,242,242
1505,248248,39118011,0,1,EA,2013-04-08,9999-12-31,,,,SWA10080413,,243,243
1506,248248,39118215,0,1,EA,2013-04-08,9999-12-31,,,,SWA10080413,,244,244
1507,248248,39119704,0,1,EA,2013-04-08,2013-04-08,,,,SWA10080413,,245,245
1508,248248,39121111,0,1,EA,2013-04-08,9999-12-31,,,,SWA10080413,,246,246
1509,248248,39129004,0,1,EA,2013-04-08,9999-12-31,,,,SWA10080413,,247,247
1510,248248,39132420,0,1,EA,2013-04-08,9999-12-31,,,,SWA10080413,,248,248
1511,248248,39137704,0,1,EA,2013-04-08,2013-04-08,,,,SWA10080413,,249,249
1512,248248,39138904,0,1,EA,2013-04-08,9999-12-31,,,,SWA10080413,,250,250
1513,248248,39139404,0,1,EA,2013-04-08,2013-04-08,,,,SWA10080413,,251,251
1514,248248,39142305,0,1,EA,2013-04-08,9999-12-31,,,,SWA10080413,,252,252
1515,248248,39143020,0,1,EA,2013-04-08,9999-12-31,,,,SWA10080413,,253,253
1516,248248,39143104,0,1,EA,2013-04-08,9999-12-31,,,,SWA10080413,,254,254
1517,248248,39143520,0,1,EA,2013-04-08,9999-12-31,,,,SWA10080413,,255,255
1518,248248,39143620,0,1,EA,2013-04-08,2013-04-08,,,,SWA10080413,,256,256
1519,248248,39144525,0,1,EA,2013-04-08,9999-12-31,,,,SWA10080413,,257,257
1520,248248,39148720,0,1,EA,2013-04-08,9999-12-31,,,,SWA10080413,,258,258
1521,248248,39149721,0,1,EA,2013-04-08,2013-04-08,,,,SWA10080413,,259,259
1522,248248,39149819,0,1,EA,2013-04-08,9999-12-31,,,,SWA10080413,,260,260
1523,248248,39149919,0,1,EA,2013-04-08,9999-12-31,,,,SWA10080413,,261,261
1524,248248,39152301,0,1,EA,2013-04-08,9999-12-31,,,,SWA10080413,,262,262
1525,248248,39152401,0,1,EA,2013-04-08,9999-12-31,,,,SWA10080413,,263,263
1526,248248,39153419,0,1,EA,2013-04-08,9999-12-31,,,,SWA10080413,,264,264
1527,248248,39153519,0,1,EA,2013-04-08,9999-12-31,,,,SWA10080413,,265,265
1528,248248,39153721,0,1,EA,2013-04-08,2013-04-08,,,,SWA10080413,,266,266
1529,248248,39154704,0,1,EA,2013-04-08,9999-12-31,,,,SWA10080413,,267,267
1530,248248,39154905,0,1,EA,2013-04-08,9999-12-31,,,,SWA10080413,,268,268
1531,248248,39155204,0,1,EA,2013-04-08,2013-04-08,,,,SWA10080413,,269,269
1532,248248,39155604,0,1,EA,2013-04-08,9999-12-31,,,,SWA10080413,,270,270
1533,248248,39155804,0,1,EA,2013-04-08,2013-04-08,,,,SWA10080413,,271,271
1534,248248,39156121,0,1,EA,2013-04-08,9999-12-31,,,,SWA10080413,,272,272
1535,248248,39156221,0,1,EA,2013-04-08,9999-12-31,,,,SWA10080413,,273,273
1536,248248,39156421,0,1,EA,2013-04-08,2013-04-08,,,,SWA10080413,,274,274
1537,248248,39156706,0,1,EA,2013-04-08,9999-12-31,,,,SWA10080413,,275,275
1538,248248,39156806,0,1,EA,2013-04-08,9999-12-31,,,,SWA10080413,,276,276
1539,248248,39157006,0,1,EA,2013-04-08,2013-04-08,,,,SWA10080413,,277,277
1540,248248,39157104,0,1,EA,2013-04-08,9999-12-31,,,,SWA10080413,,278,278
1541,248248,39157217,0,1,EA,2013-04-08,9999-12-31,,,,SWA10080413,,279,279
1542,248248,39157311,0,1,EA,2013-04-08,9999-12-31,,,,SWA10080413,,280,280
1543,248248,39157704,0,1,EA,2013-04-08,2013-04-08,,,,SWA10080413,,281,281
1544,248248,39158115,0,1,EA,2013-04-08,2013-04-08,,,,SWA10080413,,282,282
1545,248248,39158211,0,1,EA,2013-04-08,2013-04-08,,,,SWA10080413,,283,283
1546,248248,39158511,0,1,EA,2013-04-08,9999-12-31,,,,SWA10080413,,284,284
1547,248248,39158721,0,1,EA,2013-04-08,9999-12-31,,,,SWA10080413,,285,285
1548,248248,39158821,0,1,EA,2013-04-08,9999-12-31,,,,SWA10080413,,286,286
1549,248248,39163505,0,1,EA,2013-04-08,9999-12-31,,,,SWA10080413,,287,287
1550,248248,39167604,0,1,EA,2013-04-08,2013-04-08,,,,SWA10080413,,288,288
1551,248248,39168004,0,1,EA,2013-04-08,9999-12-31,,,,SWA10080413,,289,289
1552,248248,39168104,0,1,EA,2013-04-08,2013-04-08,,,,SWA10080413,,290,290
1553,248248,39168606,0,1,EA,2013-04-08,9999-12-31,,,,SWA10080413,,291,291
1554,248248,39170207,0,1,EA,2013-04-08,9999-12-31,,,,SWA10080413,,292,292
1555,248248,39170415,0,1,EA,2013-04-08,9999-12-31,,,,SWA10080413,,293,293
1556,248248,39170704,0,1,EA,2013-04-08,9999-12-31,,,,SWA10080413,,294,294
1557,248248,39177304,0,1,EA,2013-04-08,9999-12-31,,,,SWA10080413,,295,295
1558,248248,39182812,0,1,EA,2013-04-08,2013-04-08,,,,SWA10080413,,296,296
1559,248248,39182912,0,1,EA,2013-04-08,9999-12-31,,,,SWA10080413,,297,297
1560,248248,39183012,0,1,EA,2013-04-08,2013-04-08,,,,SWA10080413,,298,298
1561,248248,39183911,0,1,EA,2013-04-08,2013-04-08,,,,SWA10080413,,299,299
1562,248248,39187411,0,1,EA,2013-04-08,9999-12-31,,,,SWA10080413,,300,300
1563,248248,39190204,0,1,EA,2013-04-08,2013-04-08,,,,SWA10080413,,301,301
1564,248248,39190701,0,1,EA,2013-04-08,2013-04-08,,,,SWA10080413,,302,302
1565,248248,39191304,0,1,EA,2013-04-08,2013-04-08,,,,SWA10080413,,303,303
1566,248248,39193717,0,1,EA,2013-04-08,2013-04-08,,,,SWA10080413,,304,304
1567,248248,39194304,0,1,EA,2013-04-08,9999-12-31,,,,SWA10080413,,305,305
1568,248248,39194604,0,1,EA,2013-04-08,9999-12-31,,,,SWA10080413,,306,306
1569,248248,39195804,0,1,EA,2013-04-08,9999-12-31,,,,SWA10080413,,307,307
1570,248248,39197015,0,1,EA,2013-04-08,9999-12-31,,,,SWA10080413,,308,308
1571,248248,39197215,0,1,EA,2013-04-08,9999-12-31,,,,SWA10080413,,309,309
1572,248248,39206004,0,1,EA,2013-04-08,9999-12-31,,,,SWA10080413,,310,310
1573,248248,39214004,0,1,EA,2013-04-08,2013-04-08,,,,SWA10080413,,311,311
1574,248248,39220804,0,1,EA,2013-04-08,9999-12-31,,,,SWA10080413,,312,312
1575,248248,39224501,0,1,EA,2013-04-08,9999-12-31,,,,SWA10080413,,313,313
1576,248248,39226405,0,1,EA,2013-04-08,9999-12-31,,,,SWA10080413,,314,314
1577,248248,39229515,0,1,EA,2013-04-08,9999-12-31,,,,SWA10080413,,315,315
1578,248248,39231704,0,1,EA,2013-04-08,9999-12-31,,,,SWA10080413,,316,316
1579,248248,39235717,0,1,EA,2013-04-08,9999-12-31,,,,SWA10080413,,317,317
1580,248248,39236220,0,1,EA,2013-04-08,9999-12-31,,,,SWA10080413,,318,318
1581,248248,39237523,0,1,EA,2013-04-08,9999-12-31,,,,SWA10080413,,319,319
1582,248248,39238315,0,1,EA,2013-04-08,9999-12-31,,,,SWA10080413,,320,320
1583,248248,39240320,0,1,EA,2013-04-08,9999-12-31,,,,SWA10080413,,321,321
1584,248248,39242411,0,1,EA,2013-04-08,9999-12-31,,,,SWA10080413,,322,322
1585,248248,39245401,0,1,EA,2013-04-08,9999-12-31,,,,SWA10080413,,323,323
1586,248248,39247915,0,1,EA,2013-04-08,9999-12-31,,,,SWA10080413,,324,324
1587,248248,39248104,0,1,EA,2013-04-08,9999-12-31,,,,SWA10080413,,325,325
1588,248248,39248415,0,1,EA,2013-04-08,9999-12-31,,,,SWA10080413,,326,326
1589,248248,39253815,0,1,EA,2013-04-08,9999-12-31,,,,SWA10080413,,327,327
1590,248248,39255020,0,1,EA,2013-04-08,9999-12-31,,,,SWA10080413,,328,328
1591,248248,39263101,0,1,EA,2013-04-08,9999-12-31,,,,SWA10080413,,329,329
1592,248248,39264223,0,1,EA,2013-04-08,2013-04-08,,,,SWA10080413,,330,330
1593,248248,59010005,0,1,EA,2013-04-08,2013-04-08,,,,SWA10080413,,331,331
1594,248248,59010007,0,1,EA,2013-04-08,9999-12-31,,,,SWA10080413,,332,332
1595,248248,59040014,0,1,EA,2013-04-08,9999-12-31,,,,SWA10080413,,333,333
1596,248248,59040026,0,1,EA,2013-04-08,2013-04-08,,,,SWA10080413,,334,334
1597,248248,59040048,0,1,EA,2013-04-08,9999-12-31,,,,SWA10080413,,335,335
1598,248248,59200012,0,1,EA,2013-04-08,9999-12-31,,,,SWA10080413,,336,336
1599,248248,AA101721,0,1,EA,2013-04-08,9999-12-31,,,,SWA10080413,,337,337
1600,248248,AA101722,0,1,EA,2013-04-08,9999-12-31,,,,SWA10080413,,338,338
1601,248248,AA101747,0,1,EA,2013-04-08,2013-04-08,,,,SWA10080413,,339,339
1602,248248,AA141046,0,1,EA,2013-04-08,2013-04-08,,,,SWA10080413,,340,340
1603,248248,AA151036,0,1,EA,2013-04-08,9999-12-31,,,,SWA10080413,,341,341
1604,248248,AA151039,0,1,EA,2013-04-08,9999-12-31,,,,SWA10080413,,342,342
1605,248248,AA151045,0,1,EA,2013-04-08,9999-12-31,,,,SWA10080413,,343,343
1606,248248,AA151047,0,1,EA,2013-04-08,9999-12-31,,,,SWA10080413,,344,344
1607,248248,AA151049,0,1,EA,2013-04-08,9999-12-31,,,,SWA10080413,,345,345
1608,248248,AA160009,0,1,EA,2013-04-08,9999-12-31,,,,SWA10080413,,346,346
1609,248248,AA161089,0,1,EA,2013-04-08,9999-12-31,,,,SWA10080413,,347,347
1610,248248,AA161184,0,1,EA,2013-04-08,9999-12-31,,,,SWA10080413,,348,348
1611,248248,AA161190,0,1,EA,2013-04-08,9999-12-31,,,,SWA10080413,,349,349
1612,248248,AA161191,0,1,EA,2013-04-08,9999-12-31,,,,SWA10080413,,350,350
1613,248248,AA161215,0,1,EA,2013-04-08,9999-12-31,,,,SWA10080413,,351,351
1614,248248,AA161218,0,1,EA,2013-04-08,2013-04-08,,,,SWA10080413,,352,352
1615,248248,AA161219,0,1,EA,2013-04-08,2013-04-08,,,,SWA10080413,,353,353
1616,248248,AA161225,0,1,EA,2013-04-08,9999-12-31,,,,SWA10080413,,354,354
1617,248248,AA161268,0,1,EA,2013-04-08,2013-04-08,,,,SWA10080413,,355,355
1618,248248,AA161269,0,1,EA,2013-04-08,2013-04-08,,,,SWA10080413,,356,356
1619,248248,AA161270,0,1,EA,2013-04-08,2013-04-08,,,,SWA10080413,,357,357
1620,248248,AA171006,0,1,EA,2013-04-08,9999-12-31,,,,SWA10080413,,358,358
1621,248248,AA171011,0,1,EA,2013-04-08,9999-12-31,,,,SWA10080413,,359,359
1622,248248,AA171022,0,1,EA,2013-04-08,9999-12-31,,,,SWA10080413,,360,360
1623,248248,AA171023,0,1,EA,2013-04-08,9999-12-31,,,,SWA10080413,,361,361
1624,248248,AA171024,0,1,EA,2013-04-08,9999-12-31,,,,SWA10080413,,362,362
1625,248248,AA201090,0,1,EA,2013-04-08,9999-12-31,,,,SWA10080413,,363,363
1626,248248,AA201227,0,1,EA,2013-04-08,9999-12-31,,,,SWA10080413,,364,364
1627,248248,AA201239,0,1,EA,2013-04-08,9999-12-31,,,,SWA10080413,,365,365
1628,248248,AA201256,0,1,EA,2013-04-08,9999-12-31,,,,SWA10080413,,366,366
1629,248248,AA201262,0,1,EA,2013-04-08,9999-12-31,,,,SWA10080413,,367,367
1630,248248,AA201264,0,1,EA,2013-04-08,2013-04-08,,,,SWA10080413,,368,368
1631,248248,AA221004,0,1,EA,2013-04-08,9999-12-31,,,,SWA10080413,,369,369
1632,248248,AA221005,0,1,EA,2013-04-08,9999-12-31,,,,SWA10080413,,370,370
1633,248248,AA221006,0,1,EA,2013-04-08,9999-12-31,,,,SWA10080413,,371,371
1634,248248,AA231129,0,1,EA,2013-04-08,9999-12-31,,,,SWA10080413,,372,372
1635,248248,AA231140,0,1,EA,2013-04-08,9999-12-31,,,,SWA10080413,,373,373
1636,248248,AA231141,0,1,EA,2013-04-08,2013-04-08,,,,SWA10080413,,374,374
1637,248248,AA231147,0,1,EA,2013-04-08,9999-12-31,,,,SWA10080413,,375,375
1638,248248,AA251001,0,1,EA,2013-04-08,2013-04-08,,,,SWA10080413,,376,376
1639,248248,AA251003,0,1,EA,2013-04-08,9999-12-31,,,,SWA10080413,,377,377
1640,248248,AB151049,0,1,EA,2013-04-08,9999-12-31,,,,SWA10080413,,378,378
1641,248248,AB151050,0,1,EA,2013-04-08,9999-12-31,,,,SWA10080413,,379,379
1642,248248,AB161159,0,1,EA,2013-04-08,2013-04-08,,,,SWA10080413,,380,380
1643,248248,AB161182,0,1,EA,2013-04-08,2013-04-08,,,,SWA10080413,,381,381
1644,248248,AB171013,0,1,EA,2013-04-08,9999-12-31,,,,SWA10080413,,382,382
1645,248248,AB171014,0,1,EA,2013-04-08,9999-12-31,,,,SWA10080413,,383,383
1646,248248,AB171015,0,1,EA,2013-04-08,9999-12-31,,,,SWA10080413,,384,384
1647,248248,AB171016,0,1,EA,2013-04-08,9999-12-31,,,,SWA10080413,,385,385
1648,248248,AB171017,0,1,EA,2013-04-08,9999-12-31,,,,SWA10080413,,386,386
1649,248248,AB171020,0,1,EA,2013-04-08,9999-12-31,,,,SWA10080413,,387,387
1650,248248,AB171022,0,1,EA,2013-04-08,9999-12-31,,,,SWA10080413,,388,388
1651,248248,AB171023,0,1,EA,2013-04-08,9999-12-31,,,,SWA10080413,,389,389
1652,248248,AB171031,0,1,EA,2013-04-08,9999-12-31,,,,SWA10080413,,390,390
1653,248248,AB171044,0,1,EA,2013-04-08,9999-12-31,,,,SWA10080413,,391,391
1654,248248,AB181011,0,1,EA,2013-04-08,9999-12-31,,,,SWA10080413,,392,392
1655,248248,AB181012,0,1,EA,2013-04-08,9999-12-31,,,,SWA10080413,,393,393
1656,248248,AB181017,0,1,EA,2013-04-08,9999-12-31,,,,SWA10080413,,394,394
1657,248248,AB181019,0,1,EA,2013-04-08,9999-12-31,,,,SWA10080413,,395,395
1658,248248,AB181020,0,1,EA,2013-04-08,9999-12-31,,,,SWA10080413,,396,396
1659,248248,AB181022,0,1,EA,2013-04-08,9999-12-31,,,,SWA10080413,,397,397
1660,248248,AB181023,0,1,EA,2013-04-08,9999-12-31,,,,SWA10080413,,398,398
1661,248248,AB181033,0,1,EA,2013-04-08,9999-12-31,,,,SWA10080413,,399,399
1662,248248,AB201076,0,1,EA,2013-04-08,9999-12-31,,,,SWA10080413,,400,400
1663,248248,AB201077,0,1,EA,2013-04-08,9999-12-31,,,,SWA10080413,,401,401
1664,248248,AF201081,0,1,EA,2013-04-08,9999-12-31,,,,SWA10080413,,402,402
1665,248248,AF201094,0,1,EA,2013-04-08,9999-12-31,,,,SWA10080413,,403,403
1666,248248,AF231078,0,1,EA,2013-04-08,9999-12-31,,,,SWA10080413,,404,404
1667,248248,AF231079,0,1,EA,2013-04-08,9999-12-31,,,,SWA10080413,,405,405
1668,248248,AK201012,0,1,EA,2013-04-08,9999-12-31,,,,SWA10080413,,406,406
1669,248248,AL121020,0,1,EA,2013-04-08,9999-12-31,,,,SWA10080413,,407,407
1670,248248,AL131006,0,1,EA,2013-04-08,9999-12-31,,,,SWA10080413,,408,408
1671,248248,AL131007,0,1,EA,2013-04-08,9999-12-31,,,,SWA10080413,,409,409
1672,248248,AL131020,0,1,EA,2013-04-08,2013-04-08,,,,SWA10080413,,410,410
1673,248248,AL131051,0,1,EA,2013-04-08,2013-04-08,,,,SWA10080413,,411,411
1674,248248,AL131058,0,1,EA,2013-04-08,9999-12-31,,,,SWA10080413,,412,412
1675,248248,AL131059,0,1,EA,2013-04-08,9999-12-31,,,,SWA10080413,,413,413
1676,248248,AL131074,0,1,EA,2013-04-08,9999-12-31,,,,SWA10080413,,414,414
1677,248248,AL131081,0,1,EA,2013-04-08,9999-12-31,,,,SWA10080413,,415,415
1678,248248,AL151054,0,1,EA,2013-04-08,9999-12-31,,,,SWA10080413,,416,416
1679,248248,AL161236,0,1,EA,2013-04-08,9999-12-31,,,,SWA10080413,,417,417
1680,248248,AL161502,0,1,EA,2013-04-08,9999-12-31,,,,SWA10080413,,418,418
1681,248248,AL161503,0,1,EA,2013-04-08,9999-12-31,,,,SWA10080413,,419,419
1682,248248,AL171065,0,1,EA,2013-04-08,9999-12-31,,,,SWA10080413,,420,420
1683,248248,AL201012,0,1,EA,2013-04-08,9999-12-31,,,,SWA10080413,,421,421
1684,248248,AL201027,0,1,EA,2013-04-08,9999-12-31,,,,SWA10080413,,422,422
1685,248248,AL201029,0,1,EA,2013-04-08,9999-12-31,,,,SWA10080413,,423,423
1686,248248,AL201031,0,1,EA,2013-04-08,9999-12-31,,,,SWA10080413,,424,424
1687,248248,AL201032,0,1,EA,2013-04-08,2013-04-08,,,,SWA10080413,,425,425
1688,248248,AL201060,0,1,EA,2013-04-08,9999-12-31,,,,SWA10080413,,426,426
1689,248248,AL201062,0,1,EA,2013-04-08,9999-12-31,,,,SWA10080413,,427,427
1690,248248,AL201065,0,1,EA,2013-04-08,9999-12-31,,,,SWA10080413,,428,428
1691,248248,AL201066,0,1,EA,2013-04-08,9999-12-31,,,,SWA10080413,,429,429
1692,248248,AL201070,0,1,EA,2013-04-08,9999-12-31,,,,SWA10080413,,430,430
1693,248248,AL201082,0,1,EA,2013-04-08,9999-12-31,,,,SWA10080413,,431,431
1694,248248,AL201100,0,1,EA,2013-04-08,9999-12-31,,,,SWA10080413,,432,432
1695,248248,AL201119,0,1,EA,2013-04-08,9999-12-31,,,,SWA10080413,,433,433
1696,248248,AL201120,0,1,EA,2013-04-08,9999-12-31,,,,SWA10080413,,434,434
1697,248248,AN131007,0,1,EA,2013-04-08,9999-12-31,,,,SWA10080413,,435,435
1698,248248,AN161074,0,1,EA,2013-04-08,9999-12-31,,,,SWA10080413,,436,436
1699,248248,AN161075,0,1,EA,2013-04-08,9999-12-31,,,,SWA10080413,,437,437
1700,248248,AN161128,0,1,EA,2013-04-08,9999-12-31,,,,SWA10080413,,438,438
1701,248248,AP111023,0,1,EA,2013-04-08,9999-12-31,,,,SWA10080413,,439,439
1702,248248,AP121074,0,1,EA,2013-04-08,9999-12-31,,,,SWA10080413,,440,440
1703,248248,AP151017,0,1,EA,2013-04-08,9999-12-31,,,,SWA10080413,,441,441
1704,248248,AP161047,0,1,EA,2013-04-08,9999-12-31,,,,SWA10080413,,442,442
1705,248248,AP161048,0,1,EA,2013-04-08,9999-12-31,,,,SWA10080413,,443,443
1706,248248,AP161054,0,1,EA,2013-04-08,9999-12-31,,,,SWA10080413,,444,444
1707,248248,AP201037,0,1,EA,2013-04-08,9999-12-31,,,,SWA10080413,,445,445
1708,248248,AP201058,0,1,EA,2013-04-08,9999-12-31,,,,SWA10080413,,446,446
1709,248248,AY141202,0,1,EA,2013-04-08,9999-12-31,,,,SWA10080413,,447,447
1710,248248,BA100004,0,1,EA,2013-04-08,9999-12-31,,,,SWA10080413,,448,448
1711,248248,BA100300,0,1,EA,2013-04-08,2013-04-08,,,,SWA10080413,,449,449
1712,248248,BA102003,0,1,EA,2013-04-08,9999-12-31,,,,SWA10080413,,450,450
1713,248248,BA102004,0,1,EA,2013-04-08,2013-04-08,,,,SWA10080413,,451,451
1714,248248,BA102005,0,1,EA,2013-04-08,9999-12-31,,,,SWA10080413,,452,452
1715,248248,BA102006,0,1,EA,2013-04-08,9999-12-31,,,,SWA10080413,,453,453
1716,248248,BA102007,0,1,EA,2013-04-08,9999-12-31,,,,SWA10080413,,454,454
1717,248248,BA102008,0,1,EA,2013-04-08,9999-12-31,,,,SWA10080413,,455,455
1718,248248,BA102009,0,1,EA,2013-04-08,2013-04-08,,,,SWA10080413,,456,456
1719,248248,BA102014,0,1,EA,2013-04-08,9999-12-31,,,,SWA10080413,,457,457
1720,248248,BA102017,0,1,EA,2013-04-08,9999-12-31,,,,SWA10080413,,458,458
1721,248248,BA102018,0,1,EA,2013-04-08,9999-12-31,,,,SWA10080413,,459,459
1722,248248,BA102019,0,1,EA,2013-04-08,9999-12-31,,,,SWA10080413,,460,460
1723,248248,BA102020,0,1,EA,2013-04-08,9999-12-31,,,,SWA10080413,,461,461
1724,248248,BA102021,0,1,EA,2013-04-08,9999-12-31,,,,SWA10080413,,462,462
1725,248248,BA102022,0,1,EA,2013-04-08,9999-12-31,,,,SWA10080413,,463,463
1726,248248,BA102023,0,1,EA,2013-04-08,9999-12-31,,,,SWA10080413,,464,464
1727,248248,BA102025,0,1,EA,2013-04-08,9999-12-31,,,,SWA10080413,,465,465
1728,248248,BA102026,0,1,EA,2013-04-08,9999-12-31,,,,SWA10080413,,466,466
1729,248248,BA102027,0,1,EA,2013-04-08,9999-12-31,,,,SWA10080413,,467,467
1730,248248,BA102029,0,1,EA,2013-04-08,9999-12-31,,,,SWA10080413,,468,468
1731,248248,BA102033,0,1,EA,2013-04-08,9999-12-31,,,,SWA10080413,,469,469
1732,248248,BA102034,0,1,EA,2013-04-08,9999-12-31,,,,SWA10080413,,470,470
1733,248248,BA102036,0,1,EA,2013-04-08,9999-12-31,,,,SWA10080413,,471,471
1734,248248,BA102038,0,1,EA,2013-04-08,9999-12-31,,,,SWA10080413,,472,472
1735,248248,BA102042,0,1,EA,2013-04-08,9999-12-31,,,,SWA10080413,,473,473
1736,248248,BA102043,0,1,EA,2013-04-08,9999-12-31,,,,SWA10080413,,474,474
1737,248248,BA102047,0,1,EA,2013-04-08,9999-12-31,,,,SWA10080413,,475,475
1738,248248,BA102048,0,1,EA,2013-04-08,9999-12-31,,,,SWA10080413,,476,476
1739,248248,BA102054,0,1,EA,2013-04-08,9999-12-31,,,,SWA10080413,,477,477
1740,248248,BA102055,0,1,EA,2013-04-08,2013-04-08,,,,SWA10080413,,478,478
1741,248248,BA102061,0,1,EA,2013-04-08,9999-12-31,,,,SWA10080413,,479,479
1742,248248,BA102062,0,1,EA,2013-04-08,9999-12-31,,,,SWA10080413,,480,480
1743,248248,BA102064,0,1,EA,2013-04-08,9999-12-31,,,,SWA10080413,,481,481
1744,248248,BA102068,0,1,EA,2013-04-08,9999-12-31,,,,SWA10080413,,482,482
1745,248248,BA102071,0,1,EA,2013-04-08,9999-12-31,,,,SWA10080413,,483,483
1746,248248,BA102072,0,1,EA,2013-04-08,9999-12-31,,,,SWA10080413,,484,484
1747,248248,BA102076,0,1,EA,2013-04-08,9999-12-31,,,,SWA10080413,,485,485
1748,248248,BA102077,0,1,EA,2013-04-08,9999-12-31,,,,SWA10080413,,486,486
1749,248248,BA102078,0,1,EA,2013-04-08,9999-12-31,,,,SWA10080413,,487,487
1750,248248,BA102080,0,1,EA,2013-04-08,9999-12-31,,,,SWA10080413,,488,488
1751,248248,BA102084,0,1,EA,2013-04-08,2013-04-08,,,,SWA10080413,,489,489
1752,248248,BA102085,0,1,EA,2013-04-08,2013-04-08,,,,SWA10080413,,490,490
1753,248248,BA102086,0,1,EA,2013-04-08,2013-04-08,,,,SWA10080413,,491,491
1754,248248,BA102087,0,1,EA,2013-04-08,2013-04-08,,,,SWA10080413,,492,492
1755,248248,BA102088,0,1,EA,2013-04-08,9999-12-31,,,,SWA10080413,,493,493
1756,248248,BA102090,0,1,EA,2013-04-08,2013-04-08,,,,SWA10080413,,494,494
1757,248248,BA102096,0,1,EA,2013-04-08,9999-12-31,,,,SWA10080413,,495,495
1758,248248,BA102099,0,1,EA,2013-04-08,2013-04-08,,,,SWA10080413,,496,496
1759,248248,BA102100,0,1,EA,2013-04-08,9999-12-31,,,,SWA10080413,,497,497
1760,248248,BA102104,0,1,EA,2013-04-08,9999-12-31,,,,SWA10080413,,498,498
1761,248248,BA102113,0,1,EA,2013-04-08,9999-12-31,,,,SWA10080413,,499,499
1762,248248,BA102118,0,1,EA,2013-04-08,2013-04-08,,,,SWA10080413,,500,500
1763,248248,BA102126,0,1,EA,2013-04-08,2013-04-08,,,,SWA10080413,,501,501
1764,248248,BA102127,0,1,EA,2013-04-08,2013-04-08,,,,SWA10080413,,502,502
1765,248248,BA102129,0,1,EA,2013-04-08,9999-12-31,,,,SWA10080413,,503,503
1766,248248,BA102130,0,1,EA,2013-04-08,9999-12-31,,,,SWA10080413,,504,504
1767,248248,BA102131,0,1,EA,2013-04-08,2013-04-08,,,,SWA10080413,,505,505
1768,248248,BA102132,0,1,EA,2013-04-08,2013-04-08,,,,SWA10080413,,506,506
1769,248248,BA102146,0,1,EA,2013-04-08,9999-12-31,,,,SWA10080413,,507,507
1770,248248,BA102147,0,1,EA,2013-04-08,9999-12-31,,,,SWA10080413,,508,508
1771,248248,BA102148,0,1,EA,2013-04-08,2013-04-08,,,,SWA10080413,,509,509
1772,248248,BA102156,0,1,EA,2013-04-08,2013-04-08,,,,SWA10080413,,510,510
1773,248248,BA102158,0,1,EA,2013-04-08,9999-12-31,,,,SWA10080413,,511,511
1774,248248,BA102159,0,1,EA,2013-04-08,9999-12-31,,,,SWA10080413,,512,512
1775,248248,BA102160,0,1,EA,2013-04-08,2013-04-08,,,,SWA10080413,,513,513
1776,248248,BA102164,0,1,EA,2013-04-08,2013-04-08,,,,SWA10080413,,514,514
1777,248248,BA102176,0,1,EA,2013-04-08,2013-04-08,,,,SWA10080413,,515,515
1778,248248,BA102186,0,1,EA,2013-04-08,9999-12-31,,,,SWA10080413,,516,516
1779,248248,BA102187,0,1,EA,2013-04-08,9999-12-31,,,,SWA10080413,,517,517
1780,248248,BA102207,0,1,EA,2013-04-08,9999-12-31,,,,SWA10080413,,518,518
1781,248248,BA102208,0,1,EA,2013-04-08,9999-12-31,,,,SWA10080413,,519,519
1782,248248,BA102215,0,1,EA,2013-04-08,2013-04-08,,,,SWA10080413,,520,520
1783,248248,BA102216,0,1,EA,2013-04-08,9999-12-31,,,,SWA10080413,,521,521
1784,248248,BA102222,0,1,EA,2013-04-08,2013-04-08,,,,SWA10080413,,522,522
1785,248248,BA102224,0,1,EA,2013-04-08,9999-12-31,,,,SWA10080413,,523,523
1786,248248,BA102233,0,1,EA,2013-04-08,9999-12-31,,,,SWA10080413,,524,524
1787,248248,BA102235,0,1,EA,2013-04-08,2013-04-08,,,,SWA10080413,,525,525
1788,248248,BA102244,0,1,EA,2013-04-08,9999-12-31,,,,SWA10080413,,526,526
1789,248248,BA102252,0,1,EA,2013-04-08,9999-12-31,,,,SWA10080413,,527,527
1790,248248,BA102253,0,1,EA,2013-04-08,9999-12-31,,,,SWA10080413,,528,528
1791,248248,BA102254,0,1,EA,2013-04-08,9999-12-31,,,,SWA10080413,,529,529
1792,248248,BA102255,0,1,EA,2013-04-08,9999-12-31,,,,SWA10080413,,530,530
1793,248248,BA102258,0,1,EA,2013-04-08,2013-04-08,,,,SWA10080413,,531,531
1794,248248,BA102259,0,1,EA,2013-04-08,9999-12-31,,,,SWA10080413,,532,532
1795,248248,BA102263,0,1,EA,2013-04-08,9999-12-31,,,,SWA10080413,,533,533
1796,248248,BA102264,0,1,EA,2013-04-08,9999-12-31,,,,SWA10080413,,534,534
1797,248248,BA102270,0,1,EA,2013-04-08,9999-12-31,,,,SWA10080413,,535,535
1798,248248,BA102277,0,1,EA,2013-04-08,9999-12-31,,,,SWA10080413,,536,536
1799,248248,BA102279,0,1,EA,2013-04-08,9999-12-31,,,,SWA10080413,,537,537
1800,248248,BA102280,0,1,EA,2013-04-08,9999-12-31,,,,SWA10080413,,538,538
1801,248248,BA102286,0,1,EA,2013-04-08,9999-12-31,,,,SWA10080413,,539,539
1802,248248,BA102290,0,1,EA,2013-04-08,2013-04-08,,,,SWA10080413,,540,540
1803,248248,BA102292,0,1,EA,2013-04-08,2013-04-08,,,,SWA10080413,,541,541
1804,248248,BA102293,0,1,EA,2013-04-08,2013-04-08,,,,SWA10080413,,542,542
1805,248248,BA102295,0,1,EA,2013-04-08,9999-12-31,,,,SWA10080413,,543,543
1806,248248,BA102296,0,1,EA,2013-04-08,9999-12-31,,,,SWA10080413,,544,544
1807,248248,BA102301,0,1,EA,2013-04-08,9999-12-31,,,,SWA10080413,,545,545
1808,248248,BA102303,0,1,EA,2013-04-08,9999-12-31,,,,SWA10080413,,546,546
1809,248248,BA102304,0,1,EA,2013-04-08,9999-12-31,,,,SWA10080413,,547,547
1810,248248,BA102305,0,1,EA,2013-04-08,2013-04-08,,,,SWA10080413,,548,548
1811,248248,BA102308,0,1,EA,2013-04-08,2013-04-08,,,,SWA10080413,,549,549
1812,248248,BA102309,0,1,EA,2013-04-08,9999-12-31,,,,SWA10080413,,550,550
1813,248248,BA103000,0,1,EA,2013-04-08,9999-12-31,,,,SWA10080413,,551,551
1814,248248,BA103003,0,1,EA,2013-04-08,9999-12-31,,,,SWA10080413,,552,552
1815,248248,BA103004,0,1,EA,2013-04-08,9999-12-31,,,,SWA10080413,,553,553
1816,248248,BA103009,0,1,EA,2013-04-08,2013-04-08,,,,SWA10080413,,554,554
1817,248248,BA103010,0,1,EA,2013-04-08,9999-12-31,,,,SWA10080413,,555,555
1818,248248,BA103011,0,1,EA,2013-04-08,9999-12-31,,,,SWA10080413,,556,556
1819,248248,BA103012,0,1,EA,2013-04-08,9999-12-31,,,,SWA10080413,,557,557
1820,248248,BA103017,0,1,EA,2013-04-08,9999-12-31,,,,SWA10080413,,558,558
1821,248248,BA103022,0,1,EA,2013-04-08,9999-12-31,,,,SWA10080413,,559,559
1822,248248,BA103024,0,1,EA,2013-04-08,9999-12-31,,,,SWA10080413,,560,560
1823,248248,BA103025,0,1,EA,2013-04-08,9999-12-31,,,,SWA10080413,,561,561
1824,248248,BA111006,0,1,EA,2013-04-08,9999-12-31,,,,SWA10080413,,562,562
1825,248248,BA111016,0,1,EA,2013-04-08,9999-12-31,,,,SWA10080413,,563,563
1826,248248,BA111023,0,1,EA,2013-04-08,9999-12-31,,,,SWA10080413,,564,564
1827,248248,BA122001,0,1,EA,2013-04-08,2013-04-08,,,,SWA10080413,,565,565
1828,248248,BA122003,0,1,EA,2013-04-08,2013-04-08,,,,SWA10080413,,566,566
1829,248248,BA122008,0,1,EA,2013-04-08,2013-04-08,,,,SWA10080413,,567,567
1830,248248,BA122009,0,1,EA,2013-04-08,2013-04-08,,,,SWA10080413,,568,568
1831,248248,BA122011,0,1,EA,2013-04-08,2013-04-08,,,,SWA10080413,,569,569
1832,248248,BA122012,0,1,EA,2013-04-08,9999-12-31,,,,SWA10080413,,570,570
1833,248248,BA122013,0,1,EA,2013-04-08,9999-12-31,,,,SWA10080413,,571,571
1834,248248,BA122014,0,1,EA,2013-04-08,9999-12-31,,,,SWA10080413,,572,572
1835,248248,BA122028,0,1,EA,2013-04-08,9999-12-31,,,,SWA10080413,,573,573
1836,248248,BA122029,0,1,EA,2013-04-08,9999-12-31,,,,SWA10080413,,574,574
1837,248248,BA122030,0,1,EA,2013-04-08,9999-12-31,,,,SWA10080413,,575,575
1838,248248,BA122032,0,1,EA,2013-04-08,9999-12-31,,,,SWA10080413,,576,576
1839,248248,BA122034,0,1,EA,2013-04-08,9999-12-31,,,,SWA10080413,,577,577
1840,248248,BA122041,0,1,EA,2013-04-08,9999-12-31,,,,SWA10080413,,578,578
1841,248248,BA122044,0,1,EA,2013-04-08,9999-12-31,,,,SWA10080413,,579,579
1842,248248,BA122046,0,1,EA,2013-04-08,9999-12-31,,,,SWA10080413,,580,580
1843,248248,BA122047,0,1,EA,2013-04-08,9999-12-31,,,,SWA10080413,,581,581
1844,248248,BA122048,0,1,EA,2013-04-08,9999-12-31,,,,SWA10080413,,582,582
1845,248248,BA122049,0,1,EA,2013-04-08,9999-12-31,,,,SWA10080413,,583,583
1846,248248,BA122050,0,1,EA,2013-04-08,9999-12-31,,,,SWA10080413,,584,584
1847,248248,BA122051,0,1,EA,2013-04-08,9999-12-31,,,,SWA10080413,,585,585
1848,248248,BA122062,0,1,EA,2013-04-08,9999-12-31,,,,SWA10080413,,586,586
1849,248248,BA122064,0,1,EA,2013-04-08,2013-04-08,,,,SWA10080413,,587,587
1850,248248,BA122065,0,1,EA,2013-04-08,9999-12-31,,,,SWA10080413,,588,588
1851,248248,BA122066,0,1,EA,2013-04-08,9999-12-31,,,,SWA10080413,,589,589
1852,248248,BA122070,0,1,EA,2013-04-08,9999-12-31,,,,SWA10080413,,590,590
1853,248248,BA122071,0,1,EA,2013-04-08,9999-12-31,,,,SWA10080413,,591,591
1854,248248,BA122072,0,1,EA,2013-04-08,2013-04-08,,,,SWA10080413,,592,592
1855,248248,BA122075,0,1,EA,2013-04-08,9999-12-31,,,,SWA10080413,,593,593
1856,248248,BA122078,0,1,EA,2013-04-08,2013-04-08,,,,SWA10080413,,594,594
1857,248248,BA122143,0,1,EA,2013-04-08,9999-12-31,,,,SWA10080413,,595,595
1858,248248,BA122180,0,1,EA,2013-04-08,9999-12-31,,,,SWA10080413,,596,596
1859,248248,BA122181,0,1,EA,2013-04-08,9999-12-31,,,,SWA10080413,,597,597
1860,248248,BA122182,0,1,EA,2013-04-08,9999-12-31,,,,SWA10080413,,598,598
1861,248248,BA122183,0,1,EA,2013-04-08,9999-12-31,,,,SWA10080413,,599,599
1862,248248,BA122184,0,1,EA,2013-04-08,9999-12-31,,,,SWA10080413,,600,600
1863,248248,BA122192,0,1,EA,2013-04-08,9999-12-31,,,,SWA10080413,,601,601
1864,248248,BA122204,0,1,EA,2013-04-08,2013-04-08,,,,SWA10080413,,602,602
1865,248248,BA122205,0,1,EA,2013-04-08,2013-04-08,,,,SWA10080413,,603,603
1866,248248,BA122206,0,1,EA,2013-04-08,2013-04-08,,,,SWA10080413,,604,604
1867,248248,BA122209,0,1,EA,2013-04-08,2013-04-08,,,,SWA10080413,,605,605
1868,248248,BA122210,0,1,EA,2013-04-08,9999-12-31,,,,SWA10080413,,606,606
1869,248248,BA122214,0,1,EA,2013-04-08,2013-04-08,,,,SWA10080413,,607,607
1870,248248,BA122216,0,1,EA,2013-04-08,9999-12-31,,,,SWA10080413,,608,608
1871,248248,BA122218,0,1,EA,2013-04-08,2013-04-08,,,,SWA10080413,,609,609
1872,248248,BA122220,0,1,EA,2013-04-08,2013-04-08,,,,SWA10080413,,610,610
1873,248248,BA132004,0,1,EA,2013-04-08,9999-12-31,,,,SWA10080413,,611,611
1874,248248,BA132005,0,1,EA,2013-04-08,9999-12-31,,,,SWA10080413,,612,612
1875,248248,BA132012,0,1,EA,2013-04-08,9999-12-31,,,,SWA10080413,,613,613
1876,248248,BA132013,0,1,EA,2013-04-08,2013-04-08,,,,SWA10080413,,614,614
1877,248248,BA132014,0,1,EA,2013-04-08,9999-12-31,,,,SWA10080413,,615,615
1878,248248,BA132017,0,1,EA,2013-04-08,9999-12-31,,,,SWA10080413,,616,616
1879,248248,BA132019,0,1,EA,2013-04-08,9999-12-31,,,,SWA10080413,,617,617
1880,248248,BA132022,0,1,EA,2013-04-08,9999-12-31,,,,SWA10080413,,618,618
1881,248248,BA132045,0,1,EA,2013-04-08,9999-12-31,,,,SWA10080413,,619,619
1882,248248,BA132064,0,1,EA,2013-04-08,9999-12-31,,,,SWA10080413,,620,620
1883,248248,BA132088,0,1,EA,2013-04-08,9999-12-31,,,,SWA10080413,,621,621
1884,248248,BA132094,0,1,EA,2013-04-08,9999-12-31,,,,SWA10080413,,622,622
1885,248248,BA132095,0,1,EA,2013-04-08,9999-12-31,,,,SWA10080413,,623,623
1886,248248,BA132104,0,1,EA,2013-04-08,9999-12-31,,,,SWA10080413,,624,624
1887,248248,BA132116,0,1,EA,2013-04-08,9999-12-31,,,,SWA10080413,,625,625
1888,248248,BA132121,0,1,EA,2013-04-08,9999-12-31,,,,SWA10080413,,626,626
1889,248248,BA132122,0,1,EA,2013-04-08,9999-12-31,,,,SWA10080413,,627,627
1890,248248,BA132134,0,1,EA,2013-04-08,9999-12-31,,,,SWA10080413,,628,628
1891,248248,BA132179,0,1,EA,2013-04-08,9999-12-31,,,,SWA10080413,,629,629
1892,248248,BA132201,0,1,EA,2013-04-08,9999-12-31,,,,SWA10080413,,630,630
1893,248248,BA132211,0,1,EA,2013-04-08,9999-12-31,,,,SWA10080413,,631,631
1894,248248,BA132244,0,1,EA,2013-04-08,9999-12-31,,,,SWA10080413,,632,632
1895,248248,BA132246,0,1,EA,2013-04-08,9999-12-31,,,,SWA10080413,,633,633
1896,248248,BA132272,0,1,EA,2013-04-08,9999-12-31,,,,SWA10080413,,634,634
1897,248248,BA133000,0,1,EA,2013-04-08,2013-04-08,,,,SWA10080413,,635,635
1898,248248,BA133003,0,1,EA,2013-04-08,2013-04-08,,,,SWA10080413,,636,636
1899,248248,BA133005,0,1,EA,2013-04-08,9999-12-31,,,,SWA10080413,,637,637
1900,248248,BA133006,0,1,EA,2013-04-08,9999-12-31,,,,SWA10080413,,638,638
1901,248248,BA133016,0,1,EA,2013-04-08,9999-12-31,,,,SWA10080413,,639,639
1902,248248,BA133018,0,1,EA,2013-04-08,9999-12-31,,,,SWA10080413,,640,640
1903,248248,BA133022,0,1,EA,2013-04-08,9999-12-31,,,,SWA10080413,,641,641
1904,248248,BA133023,0,1,EA,2013-04-08,9999-12-31,,,,SWA10080413,,642,642
1905,248248,BA133024,0,1,EA,2013-04-08,9999-12-31,,,,SWA10080413,,643,643
1906,248248,BA133025,0,1,EA,2013-04-08,9999-12-31,,,,SWA10080413,,644,644
1907,248248,BA133026,0,1,EA,2013-04-08,9999-12-31,,,,SWA10080413,,645,645
1908,248248,BA133027,0,1,EA,2013-04-08,9999-12-31,,,,SWA10080413,,646,646
1909,248248,BA133028,0,1,EA,2013-04-08,9999-12-31,,,,SWA10080413,,647,647
1910,248248,BA133029,0,1,EA,2013-04-08,9999-12-31,,,,SWA10080413,,648,648
1911,248248,BA141013,0,1,EA,2013-04-08,9999-12-31,,,,SWA10080413,,649,649
1912,248248,BA141017,0,1,EA,2013-04-08,2013-04-08,,,,SWA10080413,,650,650
1913,248248,BA141019,0,1,EA,2013-04-08,2013-04-08,,,,SWA10080413,,651,651
1914,248248,BA141029,0,1,EA,2013-04-08,9999-12-31,,,,SWA10080413,,652,652
1915,248248,BA141030,0,1,EA,2013-04-08,2013-04-08,,,,SWA10080413,,653,653
1916,248248,BA141033,0,1,EA,2013-04-08,9999-12-31,,,,SWA10080413,,654,654
1917,248248,BA141034,0,1,EA,2013-04-08,9999-12-31,,,,SWA10080413,,655,655
1918,248248,BA141040,0,1,EA,2013-04-08,9999-12-31,,,,SWA10080413,,656,656
1919,248248,BA141041,0,1,EA,2013-04-08,9999-12-31,,,,SWA10080413,,657,657
1920,248248,BA141049,0,1,EA,2013-04-08,9999-12-31,,,,SWA10080413,,658,658
1921,248248,BA141050,0,1,EA,2013-04-08,9999-12-31,,,,SWA10080413,,659,659
1922,248248,BA141053,0,1,EA,2013-04-08,9999-12-31,,,,SWA10080413,,660,660
1923,248248,BA141054,0,1,EA,2013-04-08,9999-12-31,,,,SWA10080413,,661,661
1924,248248,BA141055,0,1,EA,2013-04-08,9999-12-31,,,,SWA10080413,,662,662
1925,248248,BA141056,0,1,EA,2013-04-08,9999-12-31,,,,SWA10080413,,663,663
1926,248248,BA160006,0,1,EA,2013-04-08,9999-12-31,,,,SWA10080413,,664,664
1927,248248,BA161029,0,1,EA,2013-04-08,2013-04-08,,,,SWA10080413,,665,665
1928,248248,BA161030,0,1,EA,2013-04-08,9999-12-31,,,,SWA10080413,,666,666
1929,248248,BA161031,0,1,EA,2013-04-08,9999-12-31,,,,SWA10080413,,667,667
1930,248248,BA161146,0,1,EA,2013-04-08,9999-12-31,,,,SWA10080413,,668,668
1931,248248,BA161167,0,1,EA,2013-04-08,2013-04-08,,,,SWA10080413,,669,669
1932,248248,BA161176,0,1,EA,2013-04-08,9999-12-31,,,,SWA10080413,,670,670
1933,248248,BA161190,0,1,EA,2013-04-08,9999-12-31,,,,SWA10080413,,671,671
1934,248248,BA161191,0,1,EA,2013-04-08,9999-12-31,,,,SWA10080413,,672,672
1935,248248,BA171005,0,1,EA,2013-04-08,9999-12-31,,,,SWA10080413,,673,673
1936,248248,BA171007,0,1,EA,2013-04-08,9999-12-31,,,,SWA10080413,,674,674
1937,248248,BA171008,0,1,EA,2013-04-08,9999-12-31,,,,SWA10080413,,675,675
1938,248248,BA171009,0,1,EA,2013-04-08,9999-12-31,,,,SWA10080413,,676,676
1939,248248,BA191031,0,1,EA,2013-04-08,9999-12-31,,,,SWA10080413,,677,677
1940,248248,BA191032,0,1,EA,2013-04-08,9999-12-31,,,,SWA10080413,,678,678
1941,248248,BA191051,0,1,EA,2013-04-08,9999-12-31,,,,SWA10080413,,679,679
1942,248248,BA191052,0,1,EA,2013-04-08,9999-12-31,,,,SWA10080413,,680,680
1943,248248,BA191075,0,1,EA,2013-04-08,2013-04-08,,,,SWA10080413,,681,681
1944,248248,BA191077,0,1,EA,2013-04-08,2013-04-08,,,,SWA10080413,,682,682
1945,248248,BA191080,0,1,EA,2013-04-08,9999-12-31,,,,SWA10080413,,683,683
1946,248248,BA191082,0,1,EA,2013-04-08,2013-04-08,,,,SWA10080413,,684,684
1947,248248,BA191083,0,1,EA,2013-04-08,2013-04-08,,,,SWA10080413,,685,685
1948,248248,BA191084,0,1,EA,2013-04-08,2013-04-08,,,,SWA10080413,,686,686
1949,248248,BA191085,0,1,EA,2013-04-08,2013-04-08,,,,SWA10080413,,687,687
1950,248248,BA191086,0,1,EA,2013-04-08,9999-12-31,,,,SWA10080413,,688,688
1951,248248,BA200002,0,1,EA,2013-04-08,9999-12-31,,,,SWA10080413,,689,689
1952,248248,BA201006,0,1,EA,2013-04-08,2013-04-08,,,,SWA10080413,,690,690
1953,248248,BA201007,0,1,EA,2013-04-08,9999-12-31,,,,SWA10080413,,691,691
1954,248248,BA201017,0,1,EA,2013-04-08,9999-12-31,,,,SWA10080413,,692,692
1955,248248,BA201082,0,1,EA,2013-04-08,2013-04-08,,,,SWA10080413,,693,693
1956,248248,BA201093,0,1,EA,2013-04-08,2013-04-08,,,,SWA10080413,,694,694
1957,248248,BA201120,0,1,EA,2013-04-08,2013-04-08,,,,SWA10080413,,695,695
1958,248248,BA201154,0,1,EA,2013-04-08,2013-04-08,,,,SWA10080413,,696,696
1959,248248,BA201155,0,1,EA,2013-04-08,9999-12-31,,,,SWA10080413,,697,697
1960,248248,BA201156,0,1,EA,2013-04-08,2013-04-08,,,,SWA10080413,,698,698
1961,248248,BA201157,0,1,EA,2013-04-08,2013-04-08,,,,SWA10080413,,699,699
1962,248248,BA201158,0,1,EA,2013-04-08,9999-12-31,,,,SWA10080413,,700,700
1963,248248,BA201166,0,1,EA,2013-04-08,2013-04-08,,,,SWA10080413,,701,701
1964,248248,BA201167,0,1,EA,2013-04-08,2013-04-08,,,,SWA10080413,,702,702
1965,248248,BA201168,0,1,EA,2013-04-08,2013-04-08,,,,SWA10080413,,703,703
1966,248248,BA230006,0,1,EA,2013-04-08,9999-12-31,,,,SWA10080413,,704,704
1967,248248,BA231010,0,1,EA,2013-04-08,2013-04-08,,,,SWA10080413,,705,705
1968,248248,BA231013,0,1,EA,2013-04-08,2013-04-08,,,,SWA10080413,,706,706
1969,248248,BA231058,0,1,EA,2013-04-08,9999-12-31,,,,SWA10080413,,707,707
1970,248248,BA231120,0,1,EA,2013-04-08,2013-04-08,,,,SWA10080413,,708,708
1971,248248,BA231133,0,1,EA,2013-04-08,9999-12-31,,,,SWA10080413,,709,709
1972,248248,BA231140,0,1,EA,2013-04-08,9999-12-31,,,,SWA10080413,,710,710
1973,248248,BA250003,0,1,EA,2013-04-08,9999-12-31,,,,SWA10080413,,711,711
1974,248248,BB101081,0,1,EA,2013-04-08,2013-04-08,,,,SWA10080413,,712,712
1975,248248,BB101082,0,1,EA,2013-04-08,9999-12-31,,,,SWA10080413,,713,713
1976,248248,BB101084,0,1,EA,2013-04-08,9999-12-31,,,,SWA10080413,,714,714
1977,248248,BB101086,0,1,EA,2013-04-08,2013-04-08,,,,SWA10080413,,715,715
1978,248248,BB101090,0,1,EA,2013-04-08,9999-12-31,,,,SWA10080413,,716,716
1979,248248,BB101091,0,1,EA,2013-04-08,2013-04-08,,,,SWA10080413,,717,717
1980,248248,BB101092,0,1,EA,2013-04-08,2013-04-08,,,,SWA10080413,,718,718
1981,248248,BB101093,0,1,EA,2013-04-08,9999-12-31,,,,SWA10080413,,719,719
1982,248248,BB101094,0,1,EA,2013-04-08,9999-12-31,,,,SWA10080413,,720,720
1983,248248,BB101095,0,1,EA,2013-04-08,9999-12-31,,,,SWA10080413,,721,721
1984,248248,BB101096,0,1,EA,2013-04-08,9999-12-31,,,,SWA10080413,,722,722
1985,248248,BB101097,0,1,EA,2013-04-08,9999-12-31,,,,SWA10080413,,723,723
1986,248248,BB101098,0,1,EA,2013-04-08,9999-12-31,,,,SWA10080413,,724,724
1987,248248,BB101165,0,1,EA,2013-04-08,9999-12-31,,,,SWA10080413,,725,725
1988,248248,BB101170,0,1,EA,2013-04-08,9999-12-31,,,,SWA10080413,,726,726
1989,248248,BB101171,0,1,EA,2013-04-08,9999-12-31,,,,SWA10080413,,727,727
1990,248248,BB101172,0,1,EA,2013-04-08,2013-04-08,,,,SWA10080413,,728,728
1991,248248,BB101173,0,1,EA,2013-04-08,9999-12-31,,,,SWA10080413,,729,729
1992,248248,BB101175,0,1,EA,2013-04-08,9999-12-31,,,,SWA10080413,,730,730
1993,248248,BB102003,0,1,EA,2013-04-08,2013-04-08,,,,SWA10080413,,731,731
1994,248248,BB102004,0,1,EA,2013-04-08,2013-04-08,,,,SWA10080413,,732,732
1995,248248,BB103004,0,1,EA,2013-04-08,9999-12-31,,,,SWA10080413,,733,733
1996,248248,BB103006,0,1,EA,2013-04-08,2013-04-08,,,,SWA10080413,,734,734
1997,248248,BB103007,0,1,EA,2013-04-08,2013-04-08,,,,SWA10080413,,735,735
1998,248248,BB103009,0,1,EA,2013-04-08,9999-12-31,,,,SWA10080413,,736,736
1999,248248,BB103011,0,1,EA,2013-04-08,9999-12-31,,,,SWA10080413,,737,737
2000,248248,BB103019,0,1,EA,2013-04-08,9999-12-31,,,,SWA10080413,,738,738
2001,248248,BB103030,0,1,EA,2013-04-08,9999-12-31,,,,SWA10080413,,739,739
2002,248248,BB103031,0,1,EA,2013-04-08,9999-12-31,,,,SWA10080413,,740,740
2003,248248,BB103036,0,1,EA,2013-04-08,9999-12-31,,,,SWA10080413,,741,741
2004,248248,BB111009,0,1,EA,2013-04-08,9999-12-31,,,,SWA10080413,,742,742
2005,248248,BB111010,0,1,EA,2013-04-08,9999-12-31,,,,SWA10080413,,743,743
2006,248248,BB111011,0,1,EA,2013-04-08,9999-12-31,,,,SWA10080413,,744,744
2007,248248,BB121079,0,1,EA,2013-04-08,2013-04-08,,,,SWA10080413,,745,745
2008,248248,BB121080,0,1,EA,2013-04-08,9999-12-31,,,,SWA10080413,,746,746
2009,248248,BB121082,0,1,EA,2013-04-08,9999-12-31,,,,SWA10080413,,747,747
2010,248248,BB121083,0,1,EA,2013-04-08,9999-12-31,,,,SWA10080413,,748,748
2011,248248,BB121084,0,1,EA,2013-04-08,9999-12-31,,,,SWA10080413,,749,749
2012,248248,BB121085,0,1,EA,2013-04-08,2013-04-08,,,,SWA10080413,,750,750
2013,248248,BB121086,0,1,EA,2013-04-08,2013-04-08,,,,SWA10080413,,751,751
2014,248248,BB121093,0,1,EA,2013-04-08,9999-12-31,,,,SWA10080413,,752,752
2015,248248,BB121094,0,1,EA,2013-04-08,9999-12-31,,,,SWA10080413,,753,753
2016,248248,BB121097,0,1,EA,2013-04-08,9999-12-31,,,,SWA10080413,,754,754
2017,248248,BB121099,0,1,EA,2013-04-08,9999-12-31,,,,SWA10080413,,755,755
2018,248248,BB122222,0,1,EA,2013-04-08,9999-12-31,,,,SWA10080413,,756,756
2019,248248,BB122223,0,1,EA,2013-04-08,9999-12-31,,,,SWA10080413,,757,757
2020,248248,BB122226,0,1,EA,2013-04-08,9999-12-31,,,,SWA10080413,,758,758
2021,248248,BB131024,0,1,EA,2013-04-08,9999-12-31,,,,SWA10080413,,759,759
2022,248248,BB131136,0,1,EA,2013-04-08,9999-12-31,,,,SWA10080413,,760,760
2023,248248,BB131138,0,1,EA,2013-04-08,9999-12-31,,,,SWA10080413,,761,761
2024,248248,BB131161,0,1,EA,2013-04-08,9999-12-31,,,,SWA10080413,,762,762
2025,248248,BB131166,0,1,EA,2013-04-08,9999-12-31,,,,SWA10080413,,763,763
2026,248248,BB132003,0,1,EA,2013-04-08,9999-12-31,,,,SWA10080413,,764,764
2027,248248,BB133003,0,1,EA,2013-04-08,9999-12-31,,,,SWA10080413,,765,765
2028,248248,BB133004,0,1,EA,2013-04-08,9999-12-31,,,,SWA10080413,,766,766
2029,248248,BB133005,0,1,EA,2013-04-08,9999-12-31,,,,SWA10080413,,767,767
2030,248248,BB133006,0,1,EA,2013-04-08,9999-12-31,,,,SWA10080413,,768,768
2031,248248,BB133010,0,1,EA,2013-04-08,9999-12-31,,,,SWA10080413,,769,769
2032,248248,BB133011,0,1,EA,2013-04-08,9999-12-31,,,,SWA10080413,,770,770
2033,248248,BB133013,0,1,EA,2013-04-08,9999-12-31,,,,SWA10080413,,771,771
2034,248248,BB133014,0,1,EA,2013-04-08,9999-12-31,,,,SWA10080413,,772,772
2035,248248,BB133015,0,1,EA,2013-04-08,9999-12-31,,,,SWA10080413,,773,773
2036,248248,BB133016,0,1,EA,2013-04-08,9999-12-31,,,,SWA10080413,,774,774
2037,248248,BB133017,0,1,EA,2013-04-08,9999-12-31,,,,SWA10080413,,775,775
2038,248248,BB133018,0,1,EA,2013-04-08,9999-12-31,,,,SWA10080413,,776,776
2039,248248,BB133019,0,1,EA,2013-04-08,9999-12-31,,,,SWA10080413,,777,777
2040,248248,BB133021,0,1,EA,2013-04-08,9999-12-31,,,,SWA10080413,,778,778
2041,248248,BB133022,0,1,EA,2013-04-08,9999-12-31,,,,SWA10080413,,779,779
2042,248248,BB133026,0,1,EA,2013-04-08,9999-12-31,,,,SWA10080413,,780,780
2043,248248,BB133028,0,1,EA,2013-04-08,9999-12-31,,,,SWA10080413,,781,781
2044,248248,BB133031,0,1,EA,2013-04-08,9999-12-31,,,,SWA10080413,,782,782
2045,248248,BB133037,0,1,EA,2013-04-08,9999-12-31,,,,SWA10080413,,783,783
2046,248248,BB133041,0,1,EA,2013-04-08,9999-12-31,,,,SWA10080413,,784,784
2047,248248,BB133042,0,1,EA,2013-04-08,9999-12-31,,,,SWA10080413,,785,785
2048,248248,BB133044,0,1,EA,2013-04-08,9999-12-31,,,,SWA10080413,,786,786
2049,248248,BB133048,0,1,EA,2013-04-08,9999-12-31,,,,SWA10080413,,787,787
2050,248248,BB133049,0,1,EA,2013-04-08,9999-12-31,,,,SWA10080413,,788,788
2051,248248,BB133050,0,1,EA,2013-04-08,9999-12-31,,,,SWA10080413,,789,789
2052,248248,BB133051,0,1,EA,2013-04-08,9999-12-31,,,,SWA10080413,,790,790
2053,248248,BB133054,0,1,EA,2013-04-08,9999-12-31,,,,SWA10080413,,791,791
2054,248248,BB133056,0,1,EA,2013-04-08,2013-04-08,,,,SWA10080413,,792,792
2055,248248,BB133065,0,1,EA,2013-04-08,9999-12-31,,,,SWA10080413,,793,793
2056,248248,BB133082,0,1,EA,2013-04-08,9999-12-31,,,,SWA10080413,,794,794
2057,248248,BB133084,0,1,EA,2013-04-08,9999-12-31,,,,SWA10080413,,795,795
2058,248248,BB133085,0,1,EA,2013-04-08,9999-12-31,,,,SWA10080413,,796,796
2059,248248,BB133086,0,1,EA,2013-04-08,9999-12-31,,,,SWA10080413,,797,797
2060,248248,BB133087,0,1,EA,2013-04-08,9999-12-31,,,,SWA10080413,,798,798
2061,248248,BB133091,0,1,EA,2013-04-08,9999-12-31,,,,SWA10080413,,799,799
2062,248248,BB133092,0,1,EA,2013-04-08,9999-12-31,,,,SWA10080413,,800,800
2063,248248,BB133093,0,1,EA,2013-04-08,9999-12-31,,,,SWA10080413,,801,801
2064,248248,BB191018,0,1,EA,2013-04-08,2013-04-08,,,,SWA10080413,,802,802
2065,248248,BB191019,0,1,EA,2013-04-08,2013-04-08,,,,SWA10080413,,803,803
2066,248248,BB191025,0,1,EA,2013-04-08,9999-12-31,,,,SWA10080413,,804,804
2067,248248,BB191029,0,1,EA,2013-04-08,9999-12-31,,,,SWA10080413,,805,805
2068,248248,BB201070,0,1,EA,2013-04-08,2013-04-08,,,,SWA10080413,,806,806
2069,248248,BF161283,0,1,EA,2013-04-08,2013-04-08,,,,SWA10080413,,807,807
2070,248248,BF551613,0,1,EA,2013-04-08,9999-12-31,,,,SWA10080413,,808,808
2071,248248,BG113804,0,1,EA,2013-04-08,9999-12-31,,,,SWA10080413,,809,809
2072,248248,BG113805,0,1,EA,2013-04-08,9999-12-31,,,,SWA10080413,,810,810
2073,248248,BG131802,0,1,EA,2013-04-08,9999-12-31,,,,SWA10080413,,811,811
2074,248248,BG141246,0,1,EA,2013-04-08,9999-12-31,,,,SWA10080413,,812,812
2075,248248,BG141252,0,1,EA,2013-04-08,9999-12-31,,,,SWA10080413,,813,813
2076,248248,BG141253,0,1,EA,2013-04-08,9999-12-31,,,,SWA10080413,,814,814
2077,248248,BG141254,0,1,EA,2013-04-08,9999-12-31,,,,SWA10080413,,815,815
2078,248248,BG233002,0,1,EA,2013-04-08,9999-12-31,,,,SWA10080413,,816,816
2079,248248,BG351602,0,1,EA,2013-04-08,9999-12-31,,,,SWA10080413,,817,817
2080,248248,BG403206,0,1,EA,2013-04-08,9999-12-31,,,,SWA10080413,,818,818
2081,248248,BG501006,0,1,EA,2013-04-08,9999-12-31,,,,SWA10080413,,819,819
2082,248248,BG541200,0,1,EA,2013-04-08,9999-12-31,,,,SWA10080413,,820,820
2083,248248,BG541201,0,1,EA,2013-04-08,2013-04-08,,,,SWA10080413,,821,821
2084,248248,BG551011,0,1,EA,2013-04-08,9999-12-31,,,,SWA10080413,,822,822
2085,248248,BG551613,0,1,EA,2013-04-08,9999-12-31,,,,SWA10080413,,823,823
2086,248248,BG551614,0,1,EA,2013-04-08,9999-12-31,,,,SWA10080413,,824,824
2087,248248,BG551615,0,1,EA,2013-04-08,9999-12-31,,,,SWA10080413,,825,825
2088,248248,BH113805,0,1,EA,2013-04-08,9999-12-31,,,,SWA10080413,,826,826
2089,248248,BH131210,0,1,EA,2013-04-08,9999-12-31,,,,SWA10080413,,827,827
2090,248248,BH131212,0,1,EA,2013-04-08,9999-12-31,,,,SWA10080413,,828,828
2091,248248,BH131213,0,1,EA,2013-04-08,9999-12-31,,,,SWA10080413,,829,829
2092,248248,BH131803,0,1,EA,2013-04-08,9999-12-31,,,,SWA10080413,,830,830
2093,248248,BH131807,0,1,EA,2013-04-08,9999-12-31,,,,SWA10080413,,831,831
2094,248248,BH131811,0,1,EA,2013-04-08,9999-12-31,,,,SWA10080413,,832,832
2095,248248,BH131812,0,1,EA,2013-04-08,9999-12-31,,,,SWA10080413,,833,833
2096,248248,BH151008,0,1,EA,2013-04-08,9999-12-31,,,,SWA10080413,,834,834
2097,248248,BH151009,0,1,EA,2013-04-08,9999-12-31,,,,SWA10080413,,835,835
2098,248248,BH151010,0,1,EA,2013-04-08,9999-12-31,,,,SWA10080413,,836,836
2099,248248,BH161002,0,1,EA,2013-04-08,9999-12-31,,,,SWA10080413,,837,837
2100,248248,BH161004,0,1,EA,2013-04-08,9999-12-31,,,,SWA10080413,,838,838
2101,248248,BH161007,0,1,EA,2013-04-08,9999-12-31,,,,SWA10080413,,839,839
2102,248248,BH161008,0,1,EA,2013-04-08,9999-12-31,,,,SWA10080413,,840,840
2103,248248,BH161009,0,1,EA,2013-04-08,9999-12-31,,,,SWA10080413,,841,841
2104,248248,BH161010,0,1,EA,2013-04-08,9999-12-31,,,,SWA10080413,,842,842
2105,248248,BH161011,0,1,EA,2013-04-08,9999-12-31,,,,SWA10080413,,843,843
2106,248248,BH161012,0,1,EA,2013-04-08,9999-12-31,,,,SWA10080413,,844,844
2107,248248,BH161221,0,1,EA,2013-04-08,9999-12-31,,,,SWA10080413,,845,845
2108,248248,BH161223,0,1,EA,2013-04-08,9999-12-31,,,,SWA10080413,,846,846
2109,248248,BH161225,0,1,EA,2013-04-08,9999-12-31,,,,SWA10080413,,847,847
2110,248248,BH161226,0,1,EA,2013-04-08,9999-12-31,,,,SWA10080413,,848,848
2111,248248,BH181203,0,1,EA,2013-04-08,9999-12-31,,,,SWA10080413,,849,849
2112,248248,BH182200,0,1,EA,2013-04-08,9999-12-31,,,,SWA10080413,,850,850
2113,248248,BH401010,0,1,EA,2013-04-08,9999-12-31,,,,SWA10080413,,851,851
2114,248248,BH401400,0,1,EA,2013-04-08,9999-12-31,,,,SWA10080413,,852,852
2115,248248,BH402220,0,1,EA,2013-04-08,9999-12-31,,,,SWA10080413,,853,853
2116,248248,BH402600,0,1,EA,2013-04-08,9999-12-31,,,,SWA10080413,,854,854
2117,248248,BH402601,0,1,EA,2013-04-08,9999-12-31,,,,SWA10080413,,855,855
2118,248248,CE181015,0,1,EA,2013-04-08,9999-12-31,,,,SWA10080413,,856,856
2119,248248,CL181024,0,1,EA,2013-04-08,9999-12-31,,,,SWA10080413,,857,857
2120,248248,CL201023,0,1,EA,2013-04-08,9999-12-31,,,,SWA10080413,,858,858
2121,248248,CM191049,0,1,EA,2013-04-08,9999-12-31,,,,SWA10080413,,859,859
2122,248248,CM201054,0,1,EA,2013-04-08,9999-12-31,,,,SWA10080413,,860,860
2123,248248,DG201084,0,1,EA,2013-04-08,9999-12-31,,,,SWA10080413,,861,861
2124,248248,DH161194,0,1,EA,2013-04-08,9999-12-31,,,,SWA10080413,,862,862
2125,248248,DJ161069,0,1,EA,2013-04-08,2013-04-08,,,,SWA10080413,,863,863
2126,248248,DJ161229,0,1,EA,2013-04-08,2013-04-08,,,,SWA10080413,,864,864
2127,248248,DP161261,0,1,EA,2013-04-08,2013-04-08,,,,SWA10080413,,865,865
2128,248248,EC111136,0,1,EA,2013-04-08,9999-12-31,,,,SWA10080413,,866,866
2129,248248,EC131835,0,1,EA,2013-04-08,9999-12-31,,,,SWA10080413,,867,867
2130,248248,GH201012,0,1,EA,2013-04-08,9999-12-31,,,,SWA10080413,,868,868
2131,248248,JG531017,0,1,EA,2013-04-08,9999-12-31,,,,SWA10080413,,869,869
2132,248248,KAAA0812,0,1,EA,2013-04-08,9999-12-31,,,,SWA10080413,,870,870
2133,248248,KAAD0525,0,1,EA,2013-04-08,9999-12-31,,,,SWA10080413,,871,871
2134,248248,KAAG0875,0,1,EA,2013-04-08,9999-12-31,,,,SWA10080413,,872,872
2135,248248,KAAG0885,0,1,EA,2013-04-08,9999-12-31,,,,SWA10080413,,873,873
2136,248248,KADA0510,0,1,EA,2013-04-08,9999-12-31,,,,SWA10080413,,874,874
2137,248248,KADA0512,0,1,EA,2013-04-08,9999-12-31,,,,SWA10080413,,875,875
2138,248248,KADA0612,0,1,EA,2013-04-08,9999-12-31,,,,SWA10080413,,876,876
2139,248248,KADA0620,0,1,EA,2013-04-08,2013-04-08,,,,SWA10080413,,877,877
2140,248248,KADA0630,0,1,EA,2013-04-08,2013-04-08,,,,SWA10080413,,878,878
2141,248248,KADA0812,0,1,EA,2013-04-08,9999-12-31,,,,SWA10080413,,879,879
2142,248248,KADA0814,0,1,EA,2013-04-08,9999-12-31,,,,SWA10080413,,880,880
2143,248248,KADD0516,0,1,EA,2013-04-08,2013-04-08,,,,SWA10080413,,881,881
2144,248248,KADD0614,0,1,EA,2013-04-08,9999-12-31,,,,SWA10080413,,882,882
2145,248248,KADD0625,0,1,EA,2013-04-08,9999-12-31,,,,SWA10080413,,883,883
2146,248248,KADD0670,0,1,EA,2013-04-08,2013-04-08,,,,SWA10080413,,884,884
2147,248248,KADD0825,0,1,EA,2013-04-08,9999-12-31,,,,SWA10080413,,885,885
2148,248248,KADD0840,0,1,EA,2013-04-08,9999-12-31,,,,SWA10080413,,886,886
2149,248248,KADD1030,0,1,EA,2013-04-08,9999-12-31,,,,SWA10080413,,887,887
2150,248248,KADE0835,0,1,EA,2013-04-08,9999-12-31,,,,SWA10080413,,888,888
2151,248248,KADE0850,0,1,EA,2013-04-08,9999-12-31,,,,SWA10080413,,889,889
2152,248248,KAEB0830,0,1,EA,2013-04-08,9999-12-31,,,,SWA10080413,,890,890
2153,248248,KBCA0410,0,1,EA,2013-04-08,9999-12-31,,,,SWA10080413,,891,891
2154,248248,KBRB3513,0,1,EA,2013-04-08,9999-12-31,,,,SWA10080413,,892,892
2155,248248,KBRB4210,0,1,EA,2013-04-08,2013-04-08,,,,SWA10080413,,893,893
2156,248248,KBTA0406,0,1,EA,2013-04-08,9999-12-31,,,,SWA10080413,,894,894
2157,248248,KBUC0410,0,1,EA,2013-04-08,9999-12-31,,,,SWA10080413,,895,895
2158,248248,KCAD0504,0,1,EA,2013-04-08,9999-12-31,,,,SWA10080413,,896,896
2159,248248,KCAD1411,0,1,EA,2013-04-08,9999-12-31,,,,SWA10080413,,897,897
2160,248248,KCGA0606,0,1,EA,2013-04-08,9999-12-31,,,,SWA10080413,,898,898
2161,248248,KCGA0808,0,1,EA,2013-04-08,9999-12-31,,,,SWA10080413,,899,899
2162,248248,KCGD0505,0,1,EA,2013-04-08,9999-12-31,,,,SWA10080413,,900,900
2163,248248,KCGD0606,0,1,EA,2013-04-08,9999-12-31,,,,SWA10080413,,901,901
2164,248248,KCGD0808,0,1,EA,2013-04-08,2013-04-08,,,,SWA10080413,,902,902
2165,248248,KDBA0818,0,1,EA,2013-04-08,9999-12-31,,,,SWA10080413,,903,903
2166,248248,KDCA0816,0,1,EA,2013-04-08,9999-12-31,,,,SWA10080413,,904,904
2167,248248,KDCB0816,0,1,EA,2013-04-08,9999-12-31,,,,SWA10080413,,905,905
2168,248248,KDDA0815,0,1,EA,2013-04-08,9999-12-31,,,,SWA10080413,,906,906
2169,248248,KEAA1010,0,1,EA,2013-04-08,9999-12-31,,,,SWA10080413,,907,907
2170,248248,KEAB2412,0,1,EA,2013-04-08,9999-12-31,,,,SWA10080413,,908,908
2171,248248,KEBB4717,0,1,EA,2013-04-08,9999-12-31,,,,SWA10080413,,909,909
2172,248248,KHCA0418,0,1,EA,2013-04-08,9999-12-31,,,,SWA10080413,,910,910
2173,248248,KPBB6007,0,1,EA,2013-04-08,9999-12-31,,,,SWA10080413,,911,911
2174,248248,LAA00014,0,1,EA,2013-04-08,9999-12-31,,,,SWA10080413,,912,912
2175,248248,LAD00069,0,1,EA,2013-04-08,2013-04-08,,,,SWA10080413,,913,913
2176,248248,LAE00017,0,1,EA,2013-04-08,9999-12-31,,,,SWA10080413,,914,914
2177,248248,LCG00010,0,1,EA,2013-04-08,9999-12-31,,,,SWA10080413,,915,915
2178,248248,LDA00002,0,1,EA,2013-04-08,9999-12-31,,,,SWA10080413,,916,916
2179,248248,LDF00001,0,1,EA,2013-04-08,9999-12-31,,,,SWA10080413,,917,917
2180,248248,LHC00001,0,1,EA,2013-04-08,9999-12-31,,,,SWA10080413,,918,918
2181,248248,PA402204,0,1,EA,2013-04-08,9999-12-31,,,,SWA10080413,,919,919
2182,248248,SABOX003,0,1,EA,2013-04-08,2013-04-08,,,,SWA10080413,,920,920
2183,248248,24221034,0,1,EA,2013-07-16,9999-12-31,,,,Z0WA10160713,,921,921
2184,248248,24221032,0,1,EA,2013-07-16,2013-08-16,,,,Z0WA10160713,,922,922
2185,248248,24231726,0,8,EA,2013-08-16,9999-12-31,,,,Z0WA10160813,,923,922
2186,248248,22200161,0,1,EA,2013-08-17,9999-12-31,,,,Z0WA10170813,,924,924
2187,248248,52244062,0,1,EA,2013-08-31,9999-12-31,,,,Z0WA10310813,,925,925
2188,248248,AA231245,0,8,EA,2013-09-14,9999-12-31,,,,Z0WA10140913,,926,926
2189,248248,BA201178,0,1,EA,2013-09-27,2013-09-27,,,,Z0WA10270913,,927,927
2190,248248,BA201157,0,1,EA,2013-09-27,2013-10-01,,,,Z0WA10270913,,929,928
2191,248248,ABOXBA08,0,1,EA,2013-10-01,9999-12-31,,,,Z0WA10011013,,930,928
2192,248248,BA201178,0,1,EA,2013-10-01,2013-10-01,,,,Z0WA10011013,,931,930
2193,248248,BA201177,0,1,EA,2013-10-03,9999-12-31,,,,Z0WA10031013,,932,931
2194,248248,52244068,0,1,ST,2013-10-06,9999-12-31,,,,Z0WA10061013,,933,932
2195,248248,52244071,0,1,ST,2013-10-06,9999-12-31,,,,Z0WA10061013,,934,933
2196,248248,AA251001,0,1,EA,2013-04-08,2013-04-08,,,,Z0WA10080413,,935,934
2197,248248,AA161268,0,2,EA,2013-04-08,2013-04-08,,,,Z0WA10080413,,936,935
2198,248248,AA161269,0,1,EA,2013-04-08,2013-04-08,,,,Z0WA10080413,,937,936
2199,248248,AA161270,0,2,EA,2013-04-08,2013-04-08,,,,Z0WA10080413,,938,937
2200,248248,AA201264,0,6,EA,2013-04-08,2013-04-08,,,,Z0WA10080413,,939,938
2201,248248,BB201070,0,6,EA,2013-04-08,2013-04-08,,,,Z0WA10080413,,940,939
2202,248248,24221032,0,1,EA,2013-07-16,9999-12-31,,,,Z0WA10160713,,941,940
2203,248248,AA251001,0,1,EA,2013-04-08,2013-04-08,,,,Z0WA10080413,,942,941
2204,248248,AA161268,0,2,EA,2013-04-08,2013-04-08,,,,Z0WA10080413,,943,942
2205,248248,BA201157,0,1,EA,2013-09-27,2013-09-27,,,,Z0WA10270913,,943,945
2206,248248,AA161269,0,1,EA,2013-04-08,2013-04-08,,,,Z0WA10080413,,944,943
2207,248248,BA201178,0,1,EA,2013-10-01,2013-10-06,,,,Z0WA10011013,,944,945
2208,248248,AA161270,0,2,EA,2013-04-08,2013-04-08,,,,Z0WA10080413,,945,944
2209,248248,BA231151,0,1,EA,2013-10-06,2013-10-09,,,,Z0WA10061013,,945,945
2210,248248,BA231096,0,1,EA,2013-10-09,9999-12-31,,,,Z0WA10091013,,946,945
2211,248248,BH111088,0,4,EA,2013-10-16,2013-10-16,,,,Z0WA10161013,,947,949
2212,248248,BA220003,0,1,EA,2013-10-16,9999-12-31,,,,Z0WA10161013,,948,950
2213,248248,JD402217,0,3,EA,2013-10-16,9999-12-31,,,,Z0WA10161013,,949,951
2214,248248,AA231126,0,2,EA,2013-10-16,2013-10-16,,,,Z0WA10161013,,950,952
2215,248248,39260715,0,2,EA,2013-10-16,9999-12-31,,,,Z0WA10161013,,951,953
2216,248248,24230176,0,1,EA,2013-10-17,2013-10-29,,,,Z0WA10171013,,952,954
2217,248248,BA201170,0,1,EA,2013-10-29,9999-12-31,,,,Z0WA10291013,,954,954
2218,248248,39177102,0,10,EA,2013-11-12,9999-12-31,,,,Z0WA10121113,,955,956
2219,248248,FD221019,0,2,EA,2013-11-18,2013-11-18,,,,Z0WA10181113,,956,957
2220,248248,BB131040,0,3,EA,2013-11-18,9999-12-31,,,,Z0WA10181113,,957,958
2221,248248,39258204,0,1,EA,2013-11-21,9999-12-31,,,,Z0WA10211113,,958,959
2222,248248,39133615,0,2,EA,2013-11-24,9999-12-31,,,,Z0WA10241113,,959,960
2223,248248,21101429,0,1,EA,2013-12-20,2013-12-20,,,,Z0WA10201213,,960,961
2224,248248,39079908,0,1,EA,2014-01-07,9999-12-31,,,,Z0WA10070114,,961,963
2225,248248,AA141067,0,2,EA,2013-12-20,2013-12-20,,,,Z0WA10201213,,961,962
2226,248248,39139604,0,3,EA,2014-01-12,9999-12-31,,,,Z0WA10120114,,962,964
2227,248248,39195604,0,1,EA,2014-01-16,2014-01-16,,,,Z0WA10160114,,963,965
2228,248248,39028915,0,2,EA,2014-01-19,9999-12-31,,,,Z0WA10190114,,964,966
2229,248248,BH111088,0,4,EA,2014-01-30,2014-01-30,,,,Z0WA10300114,,965,967
2230,248248,AB161182,0,1,EA,2014-04-14,9999-12-31,,,,Z0WA10140414,,966,968
2231,248248,AA101747,0,1,EA,2014-04-19,2014-04-19,,,,Z0WA10190414,,967,969
2232,248248,BB221004,0,1,EA,2014-04-23,9999-12-31,,,,Z0WA10230414,,968,970
2233,248248,52AP0214,0,3,EA,2014-05-31,2014-06-02,,,,Z0WA10310514,,969,971
2234,248248,24211026,0,2,EA,2014-06-02,2014-07-01,,,,Z0WA10020614,,970,971
2235,248248,52AP0214,0,1,EA,2014-07-01,9999-12-31,,,,Z0WA10010714,,971,971
2236,248248,39024811,0,8,EA,2014-10-17,2014-10-17,,,,Z0WA10171014,,972,974
2237,248248,33141007,0,1,EA,2014-11-23,2014-11-23,,,,Z0WA10231114,,973,975
2238,248248,24231772,0,1,EA,2013-07-17,9999-12-31,,,,Z0WA10170713,,974,976
2239,248248,39069015,0,2,EA,2013-07-31,2013-08-10,,,,Z0WA10310713,,975,977
2240,248248,BB103043,0,1,EA,2013-08-10,9999-12-31,,,,Z0WA10100813,,976,977
2241,248248,BH551617,0,1,EA,2013-09-11,9999-12-31,,,,Z0WA10110913,,977,979
2242,248248,BA133032,0,1,EA,2013-09-11,9999-12-31,,,,Z0WA10110913,,978,980
2243,248248,39163015,0,1,EA,2013-09-13,9999-12-31,,,,Z0WA10130913,,980,981
2244,248248,BC531032,0,2,EA,2013-09-15,9999-12-31,,,,Z0WA10150913,,981,982
2245,248248,BB101045,0,2,EA,2013-09-22,9999-12-31,,,,Z0WA10220913,,982,983
2246,248248,BA103027,0,1,EA,2013-09-23,9999-12-31,,,,Z0WA10230913,,983,984
2247,248248,BF171604,0,1,EA,2013-09-24,9999-12-31,,,,Z0WA10240913,,984,985
2248,248248,BA141017,0,1,EA,2013-09-26,2013-09-26,,,,Z0WA10260913,,985,986
2249,248248,BA141030,0,1,EA,2013-09-26,2013-09-26,,,,Z0WA10260913,,986,987
2250,248248,AL201071,0,1,EA,2013-10-03,9999-12-31,,,,Z0WA10031013,,987,988
2251,248248,BB103044,0,8,EA,2013-10-06,9999-12-31,,,,Z0WA10061013,,988,989
2252,248248,BB103045,0,3,EA,2013-10-06,9999-12-31,,,,Z0WA10061013,,989,990
2253,248248,BB103052,0,1,EA,2013-10-07,9999-12-31,,,,Z0WA10071013,,991,991
2254,248248,BB122224,0,1,EA,2013-10-08,9999-12-31,,,,Z0WA10081013,,992,992
2255,248248,BA122229,0,1,EA,2013-10-08,9999-12-31,,,,Z0WA10081013,,993,993
2256,248248,52BA0257,0,1,EA,2013-10-08,9999-12-31,,,,Z0WA10081013,,994,994
2257,248248,BB103061,0,1,EA,2013-10-08,2013-10-09,,,,Z0WA10081013,,996,995
2258,248248,BB103046,0,1,EA,2013-10-09,9999-12-31,,,,Z0WA10091013,,997,995
2259,248248,BG552016,0,1,EA,2013-10-10,2013-10-10,,,,Z0WA10101013,,998,997
2260,248248,BA133033,0,1,EA,2013-10-10,9999-12-31,,,,Z0WA10101013,,1000,998
2261,248248,BB103037,0,1,EA,2013-10-14,2013-10-14,,,,Z0WA10141013,,1002,999
2262,248248,BB103057,0,2,EA,2013-10-17,2013-10-20,,,,Z0WA10171013,,1003,1000
2263,248248,AB201075,0,1,EA,2013-10-20,9999-12-31,,,,Z0WA10201013,,1004,1000
2264,248248,BB103040,0,1,EA,2013-10-28,9999-12-31,,,,Z0WA10281013,,1006,1002
2265,248248,BB122228,0,1,EA,2013-10-30,2013-10-30,,,,Z0WA10301013,,1007,1003
2266,248248,BB103038,0,1,EA,2013-10-30,9999-12-31,,,,Z0WA10301013,,1008,1004
2267,248248,BA103030,0,1,EA,2013-11-14,9999-12-31,,,,Z0WA10141113,,1009,1005
2268,248248,KADD0630,0,1,EA,2013-11-17,9999-12-31,,,,Z0WA10171113,,1010,1006
2269,248248,BA141017,0,1,EA,2013-11-17,2013-11-17,,,,Z0WA10171113,,1011,1007
2270,248248,KADD0860,0,1,EA,2013-11-18,9999-12-31,,,,Z0WA10181113,,1012,1008
2271,248248,AP121064,0,1,EA,2013-11-18,9999-12-31,,,,Z0WA10181113,,1013,1009
2272,248248,BB103055,0,1,EA,2013-11-18,9999-12-31,,,,Z0WA10181113,,1014,1010
2273,248248,BB103056,0,1,EA,2013-11-18,2013-11-18,,,,Z0WA10181113,,1015,1011
2274,248248,BA122078,0,1,EA,2013-11-19,2013-11-27,,,,Z0WA10191113,,1016,1012
2275,248248,BA103032,0,1,EA,2013-11-27,2013-11-27,,,,Z0WA10271113,,1017,1012
2276,248248,LJA00002,0,1,EA,2013-12-04,2013-12-18,,,,Z0WA10041213,,1018,1014
2277,248248,39155804,0,16,EA,2013-12-18,2013-12-18,,,,Z0WA10181213,,1019,1014
2278,248248,BB103057,0,1,EA,2013-12-25,9999-12-31,,,,Z0WA10251213,,1020,1016
2279,248248,39270704,0,2,EA,2013-12-26,2013-12-26,,,,Z0WA10261213,,1021,1017
2280,248248,KADD0620,0,6,EA,2014-01-04,9999-12-31,,,,Z0WA10040114,,1022,1018
2281,248248,BA132141,0,1,EA,2014-01-06,9999-12-31,,,,Z0WA10060114,,1023,1019
2282,248248,22150241,0,6,EA,2014-01-07,9999-12-31,,,,Z0WA10070114,,1024,1020
2283,248248,BB121085,0,1,EA,2014-01-15,2014-01-15,,,,Z0WA10150114,,1025,1021
2284,248248,39155304,0,4,EA,2014-01-15,2014-01-19,,,,Z0WA10150114,,1026,1022
2285,248248,BB103077,0,1,EA,2014-01-19,2014-02-02,,,,Z0WA10190114,,1027,1022
2286,248248,BH161224,0,1,EA,2014-02-02,9999-12-31,,,,Z0WA10020214,,1028,1022
2287,248248,BH161222,0,1,EA,2014-02-02,9999-12-31,,,,Z0WA10020214,,1029,1025
2288,248248,KDAC0816,0,4,EA,2014-02-09,9999-12-31,,,,Z0WA10090214,,1030,1026
2289,248248,BA133035,0,1,EA,2014-02-15,9999-12-31,,,,Z0WA10150214,,1031,1027
2290,248248,39122515,0,4,EA,2014-02-16,2014-02-16,,,,Z0WA10160214,,1032,1028
2291,248248,BA102160,0,1,EA,2014-02-26,2014-02-26,,,,Z0WA10260214,,1033,1028
2292,248248,KADD0612,0,1,EA,2014-03-19,2014-04-16,,,,Z0WA10190314,,1034,1030
2293,248248,BB100902,0,1,EA,2014-04-16,9999-12-31,,,,Z0WA10160414,,1035,1030
2294,248248,LAD00069,0,1,EA,2014-04-20,2014-04-20,,,,Z0WA10200414,,1037,1032
2295,248248,24165327,0,1,EA,2014-05-11,9999-12-31,,,,Z0WA10110514,,1038,1033
2296,248248,KADA0620,0,2,EA,2014-05-11,2014-05-11,,,,Z0WA10110514,,1039,1034
2297,248248,39155804,0,19,EA,2014-05-11,2014-05-11,,,,Z0WA10110514,,1040,1035
2298,248248,39143620,0,1,EA,2014-06-14,2014-06-25,,,,Z0WA10140614,,1041,1036
2299,248248,BA103035,0,1,EA,2014-06-25,9999-12-31,,,,Z0WA10250614,,1042,1036
2300,248248,KADD0612,0,1,EA,2014-08-28,9999-12-31,,,,Z0WA10280814,,1043,1038
2301,248248,52BA0291,0,1,EA,2014-09-28,9999-12-31,,,,Z0WA10280914,,1044,1039
2302,248248,39260607,0,1,EA,2014-10-16,9999-12-31,,,,Z0WA10161014,,1045,1040
2303,248248,BB122228,0,1,EA,2014-11-11,2014-11-13,,,,Z0WA10111114,,1046,1041
2304,248248,BA102075,0,1,EA,2014-11-13,9999-12-31,,,,Z0WA10131114,,1047,1041
2305,248248,BA102099,0,2,EA,2014-11-25,2014-11-25,,,,Z0WA10251114,,1048,1043
2306,248248,BH611400,0,1,EA,2014-12-11,9999-12-31,,,,Z0WA10111214,,1049,1044
2307,248248,AA251001,0,1,EA,2013-04-08,2013-04-08,,,,Z0WA10080413,,1050,1045
2308,248248,BA191077,0,1,EA,2013-04-08,2013-04-08,,,,Z0WA10080413,,1051,1046
2309,248248,BA191082,0,1,EA,2013-04-08,2013-04-08,,,,Z0WA10080413,,1052,1047
2310,248248,BA191084,0,1,EA,2013-04-08,2013-04-08,,,,Z0WA10080413,,1053,1048
2311,248248,BB191018,0,1,EA,2013-04-08,2013-04-08,,,,Z0WA10080413,,1054,1049
2312,248248,BA191083,0,1,EA,2013-04-08,2013-04-08,,,,Z0WA10080413,,1055,1050
2313,248248,24191180,0,1,EA,2013-04-08,2013-04-08,,,,Z0WA10080413,,1056,1051
2314,248248,BB191019,0,1,EA,2013-04-08,2013-04-08,,,,Z0WA10080413,,1057,1052
2315,248248,BA201166,0,1,EA,2013-04-08,9999-12-31,,,,Z0WA10080413,,1058,1053
2316,248248,BA201168,0,1,EA,2013-04-08,9999-12-31,,,,Z0WA10080413,,1059,1054
2317,248248,BA201167,0,1,EA,2013-04-08,2013-04-08,,,,Z0WA10080413,,1060,1055
2318,248248,AA161268,0,2,EA,2013-04-08,2013-04-08,,,,Z0WA10080413,,1061,1056
2319,248248,AA161269,0,1,EA,2013-04-08,2013-04-08,,,,Z0WA10080413,,1062,1057
2320,248248,AA161270,0,2,EA,2013-04-08,2013-04-08,,,,Z0WA10080413,,1063,1058
2321,248248,AA201264,0,6,EA,2013-04-08,2013-04-08,,,,Z0WA10080413,,1064,1059
2322,248248,BB201070,0,6,EA,2013-04-08,2013-06-18,,,,Z0WA10080413,,1065,1060
2323,248248,24231748,0,1,EA,2013-06-18,2013-06-18,,,,Z0WA10180613,,1066,1060
2324,248248,BA201157,0,1,EA,2013-09-27,2013-09-27,,,,Z0WA10270913,,1067,1063
2325,248248,BA102160,0,1,EA,2013-09-27,2013-10-01,,,,Z0WA10270913,,1068,1064
2326,248248,BA201157,0,1,EA,2013-09-27,2013-09-27,,,,Z0WA10270913,,1068,1062
2327,248248,BA201178,0,1,EA,2013-10-01,9999-12-31,,,,Z0WA10011013,,1069,1064
2328,248248,BA231151,0,1,EA,2013-10-06,9999-12-31,,,,Z0WA10061013,,1070,1066
2329,248248,39264223,0,1,EA,2013-10-16,2013-10-16,,,,Z0WA10161013,,1071,1067
2330,248248,AA231126,0,2,EA,2013-10-16,2013-10-16,,,,Z0WA10161013,,1072,1068
2331,248248,24230176,0,1,EA,2013-10-17,9999-12-31,,,,Z0WA10171013,,1073,1069
2332,248248,FD221019,0,2,EA,2013-11-18,2013-11-18,,,,Z0WA10181113,,1074,1070
2333,248248,39039004,0,2,EA,2013-11-24,2013-11-24,,,,Z0WA10241113,,1075,1071
2334,248248,BA231013,0,1,EA,2013-11-30,2013-11-30,,,,Z0WA10301113,,1076,1072
2335,248248,AA101747,0,1,EA,2013-12-04,2013-12-04,,,,Z0WA10041213,,1077,1073
2336,248248,21101429,0,1,EA,2013-12-20,2013-12-20,,,,Z0WA10201213,,1078,1074
2337,248248,AA141067,0,2,EA,2013-12-20,2013-12-20,,,,Z0WA10201213,,1079,1075
2338,248248,39182712,0,2,EA,2013-12-22,9999-12-31,,,,Z0WA10221213,,1080,1076
2339,248248,39024811,0,8,EA,2013-12-26,2013-12-26,,,,Z0WA10261213,,1081,1077
2340,248248,BA191085,0,1,EA,2014-01-08,9999-12-31,,,,Z0WA10080114,,1082,1078
2341,248248,BA231010,0,1,EA,2014-01-12,9999-12-31,,,,Z0WA10120114,,1083,1079
2342,248248,BH111088,0,4,EA,2014-01-30,9999-12-31,,,,Z0WA10300114,,1084,1080
2343,248248,AA101747,0,1,EA,2014-04-19,2014-05-11,,,,Z0WA10190414,,1085,1081
2344,248248,AA151053,0,1,EA,2014-05-11,9999-12-31,,,,Z0WA10110514,,1087,1081
2345,248248,24151110,0,1,EA,2014-05-31,2014-06-02,,,,Z0WA10310514,,1088,1083
2346,248248,24211026,0,2,EA,2014-06-02,9999-12-31,,,,Z0WA10020614,,1089,1083
2347,248248,39024811,0,8,EA,2014-10-17,2014-10-17,,,,Z0WA10171014,,1090,1085
2348,248248,33141007,0,1,EA,2014-11-23,9999-12-31,,,,Z0WA10231114,,1091,1086
2349,248248,BA201187,0,1,EA,2015-02-19,9999-12-31,,,,Z0WA10190215,,1092,1087
2350,248248,AA231126,0,2,EA,2015-02-23,9999-12-31,,,,Z0WA10230215,,1093,1088
2351,248248,BA102127,0,1,EA,2013-05-07,2013-05-07,,,,Z0WA10070513,,1094,1089
2352,248248,39069015,0,2,EA,2013-07-31,9999-12-31,,,,Z0WA10310713,,1095,1090
2353,248248,BA100300,0,2,EA,2013-07-31,2013-07-31,,,,Z0WA10310713,,1096,1091
2354,248248,BA122008,0,3,EA,2013-08-31,2013-08-31,,,,Z0WA10310813,,1097,1092
2355,248248,BA122009,0,2,EA,2013-08-31,2013-08-31,,,,Z0WA10310813,,1098,1093
2356,248248,BB133061,0,1,EA,2013-09-13,9999-12-31,,,,Z0WA10130913,,1099,1094
2357,248248,BA141017,0,1,EA,2013-09-26,2013-09-26,,,,Z0WA10260913,,1100,1095
2358,248248,BA141030,0,1,EA,2013-09-26,9999-12-31,,,,Z0WA10260913,,1101,1096
2359,248248,52BH0053,0,1,EA,2013-10-08,9999-12-31,,,,Z0WA10081013,,1102,1097
2360,248248,BB103061,0,1,EA,2013-10-08,9999-12-31,,,,Z0WA10081013,,1103,1098
2361,248248,BG552016,0,1,EA,2013-10-10,2013-10-10,,,,Z0WA10101013,,1104,1099
2362,248248,BH551618,0,1,EA,2013-10-10,9999-12-31,,,,Z0WA10101013,,1105,1100
2363,248248,39139404,0,2,EA,2013-10-14,2013-10-14,,,,Z0WA10141013,,1106,1101
2364,248248,KADD0516,0,1,EA,2013-10-14,2013-10-14,,,,Z0WA10141013,,1107,1102
2365,248248,AL131020,0,1,EA,2013-10-14,2013-10-14,,,,Z0WA10141013,,1108,1103
2366,248248,BB103037,0,1,EA,2013-10-14,2013-10-14,,,,Z0WA10141013,,1109,1104
2367,248248,BA102308,0,1,EA,2013-10-22,2013-10-22,,,,Z0WA10221013,,1110,1105
2368,248248,BA102009,0,1,EA,2013-10-22,2013-10-22,,,,Z0WA10221013,,1111,1106
2369,248248,39080411,0,1,EA,2013-10-23,2013-10-23,,,,Z0WA10231013,,1112,1107
2370,248248,BB103041,0,1,EA,2013-10-28,9999-12-31,,,,Z0WA10281013,,1113,1108
2371,248248,BB122228,0,1,EA,2013-10-30,2013-10-30,,,,Z0WA10301013,,1114,1109
2372,248248,KADD0670,0,4,EA,2013-11-17,2013-11-17,,,,Z0WA10171113,,1115,1110
2373,248248,39119704,0,2,EA,2013-11-17,2013-11-17,,,,Z0WA10171113,,1116,1111
2374,248248,BA141017,0,1,EA,2013-11-17,9999-12-31,,,,Z0WA10171113,,1117,1112
2375,248248,BB103056,0,1,EA,2013-11-18,2013-11-18,,,,Z0WA10181113,,1118,1113
2376,248248,BA122078,0,1,EA,2013-11-19,2013-11-27,,,,Z0WA10191113,,1119,1114
2377,248248,AA141046,0,7,EA,2013-11-19,2013-11-19,,,,Z0WA10191113,,1120,1115
2378,248248,BA103032,0,1,EA,2013-11-27,2013-11-27,,,,Z0WA10271113,,1120,1114
2379,248248,LJA00002,0,1,EA,2013-12-04,2013-12-18,,,,Z0WA10041213,,1121,1117
2380,248248,39155804,0,16,EA,2013-12-18,2013-12-18,,,,Z0WA10181213,,1122,1117
2381,248248,39270704,0,2,EA,2013-12-26,9999-12-31,,,,Z0WA10261213,,1123,1119
2382,248248,BG351603,0,1,EA,2014-01-09,9999-12-31,,,,Z0WA10090114,,1124,1120
2383,248248,BB121085,0,1,EA,2014-01-15,2014-01-15,,,,Z0WA10150114,,1125,1121
2384,248248,39155304,0,4,EA,2014-01-15,9999-12-31,,,,Z0WA10150114,,1126,1122
2385,248248,BA102293,0,1,EA,2014-01-15,2014-01-15,,,,Z0WA10150114,,1127,1123
2386,248248,BA161167,0,1,EA,2014-01-16,2014-01-19,,,,Z0WA10160114,,1128,1124
2387,248248,BB103077,0,1,EA,2014-01-19,9999-12-31,,,,Z0WA10190114,,1129,1124
2388,248248,39122515,0,4,EA,2014-02-16,2014-02-16,,,,Z0WA10160214,,1130,1126
2389,248248,BA102160,0,1,EA,2014-02-26,2014-02-26,,,,Z0WA10260214,,1131,1126
2390,248248,LAD00069,0,1,EA,2014-04-20,9999-12-31,,,,Z0WA10200414,,1133,1128
2391,248248,KADA0620,0,2,EA,2014-05-11,9999-12-31,,,,Z0WA10110514,,1134,1129
2392,248248,39155804,0,19,EA,2014-05-11,9999-12-31,,,,Z0WA10110514,,1135,1130
2393,248248,39143620,0,1,EA,2014-06-14,9999-12-31,,,,Z0WA10140614,,1136,1131
2394,248248,BB122228,0,1,EA,2014-11-11,9999-12-31,,,,Z0WA10111114,,1137,1132
2395,248248,BA102099,0,2,EA,2014-11-25,9999-12-31,,,,Z0WA10251114,,1138,1133
2396,248248,BA103009,0,1,EA,2015-03-16,9999-12-31,,,,Z0WA10160315,,1139,1134
2397,248248,52210040,0,1,EA,2013-04-08,9999-12-31,,,,SWA10080413,,1140,1135
2398,248248,52210043,0,1,EA,2013-04-08,9999-12-31,,,,SWA10080413,,1150,1136
2399,248248,52240664,0,1,EA,2013-04-08,9999-12-31,,,,SWA10080413,,1160,1137
2400,248248,52240743,0,1,EA,2013-04-08,9999-12-31,,,,SWA10080413,,1170,1138
2401,248248,52240747,0,1,EA,2013-04-08,9999-12-31,,,,SWA10080413,,1180,1139
2402,248248,52244058,0,1,EA,2013-04-08,9999-12-31,,,,SWA10080413,,1190,1140
2403,248248,52244065,0,1,EA,2013-04-08,9999-12-31,,,,SWA10080413,,1200,1141
2404,248248,52244066,0,1,EA,2013-04-08,9999-12-31,,,,SWA10080413,,1210,1142
2405,248248,52AF0118,0,1,EA,2013-04-08,9999-12-31,,,,SWA10080413,,1220,1143
2406,248248,36241306,0,1,EA,2013-04-08,9999-12-31,,,,SWA10080413,,1240,1144
2407,248248,36241703,0,1,EA,2013-04-08,9999-12-31,,,,SWA10080413,,1250,1145
2408,248248,36244004,0,1,EA,2013-04-08,9999-12-31,,,,SWA10080413,,1260,1146
2409,248248,36244024,0,1,EA,2013-04-08,9999-12-31,,,,SWA10080413,,1270,1147
2410,248248,36244040,0,1,EA,2013-04-08,9999-12-31,,,,SWA10080413,,1280,1148
2411,248248,36244042,0,1,EA,2013-04-08,9999-12-31,,,,SWA10080413,,1290,1149
2412,248248,36244043,0,1,EA,2013-04-08,9999-12-31,,,,SWA10080413,,1300,1150
2413,248248,36244044,0,1,EA,2013-04-08,9999-12-31,,,,SWA10080413,,1310,1151
2414,248248,36244047,0,1,EA,2013-04-08,9999-12-31,,,,SWA10080413,,1320,1152
2415,248248,36244048,0,1,EA,2013-04-08,9999-12-31,,,,SWA10080413,,1330,1153
2416,248248,36244049,0,1,EA,2013-04-08,9999-12-31,,,,SWA10080413,,1340,1154
2417,248248,36244052,0,1,EA,2013-04-08,9999-12-31,,,,SWA10080413,,1350,1155
2418,248248,36244061,0,1,EA,2013-04-08,9999-12-31,,,,SWA10080413,,1360,1156
2419,248248,36244062,0,1,EA,2013-04-08,9999-12-31,,,,SWA10080413,,1370,1157
2420,248248,36AA4028,0,1,EA,2013-04-08,9999-12-31,,,,SWA10080413,,1380,1158
2421,248248,36AB4010,0,1,EA,2013-04-08,9999-12-31,,,,SWA10080413,,1390,1159
2422,248248,36AF0023,0,1,EA,2013-04-08,9999-12-31,,,,SWA10080413,,1400,1160
2423,248248,36AF0024,0,1,EA,2013-04-08,9999-12-31,,,,SWA10080413,,1410,1161
2424,248248,36AF0028,0,1,EA,2013-04-08,9999-12-31,,,,SWA10080413,,1420,1162
2425,248248,36AF0029,0,1,EA,2013-04-08,9999-12-31,,,,SWA10080413,,1430,1163
2426,248248,36AF0030,0,1,EA,2013-04-08,9999-12-31,,,,SWA10080413,,1440,1164
2427,248248,36AF0031,0,1,EA,2013-04-08,9999-12-31,,,,SWA10080413,,1450,1165
2428,248248,36AF0032,0,1,EA,2013-04-08,9999-12-31,,,,SWA10080413,,1460,1166
2429,248248,36AF0033,0,1,EA,2013-04-08,9999-12-31,,,,SWA10080413,,1470,1167
2430,248248,36AF0034,0,1,EA,2013-04-08,9999-12-31,,,,SWA10080413,,1480,1168
2431,248248,36AF0035,0,1,EA,2013-04-08,9999-12-31,,,,SWA10080413,,1490,1169
2432,248248,36AF0036,0,1,EA,2013-04-08,9999-12-31,,,,SWA10080413,,1500,1170
2433,248248,36AF0037,0,1,EA,2013-04-08,9999-12-31,,,,SWA10080413,,1510,1171
2434,248248,36AF0038,0,1,EA,2013-04-08,9999-12-31,,,,SWA10080413,,1520,1172
2435,248248,36AF0039,0,1,EA,2013-04-08,9999-12-31,,,,SWA10080413,,1530,1173
2436,248248,36AF0040,0,1,EA,2013-04-08,9999-12-31,,,,SWA10080413,,1540,1174
2437,248248,36AF0041,0,1,EA,2013-04-08,9999-12-31,,,,SWA10080413,,1550,1175
2438,248248,36AF0042,0,1,EA,2013-04-08,9999-12-31,,,,SWA10080413,,1560,1176
2439,248248,36AF0043,0,1,EA,2013-04-08,9999-12-31,,,,SWA10080413,,1570,1177
2440,248248,36JZ0016,0,1,EA,2013-04-08,9999-12-31,,,,SWA10080413,,1580,1178
